epocaAtual;taxaErros;erroQuadrado;taxaAprendizadoAtual;idRede
1;0.900355871886121;1062.3647068119985;0.001;
2;0.900355871886121;1020.9913731474205;0.001;
3;0.900355871886121;1014.0562087293557;0.001;
4;0.900355871886121;1012.1798492150588;0.001;
5;0.900355871886121;1011.558511419387;0.001;
6;0.900355871886121;1011.3277399710626;0.001;
7;0.900355871886121;1011.2344882315966;0.001;
8;0.900355871886121;1011.193675950774;0.001;
9;0.900355871886121;1011.1741771292819;0.001;
10;0.900355871886121;1011.1639222593287;0.001;
11;0.900355871886121;1011.1579958928313;0.001;
12;0.900355871886121;1011.1542870774484;0.001;
13;0.900355871886121;1011.1518262623108;0.001;
14;0.900355871886121;1011.150128622658;0.001;
15;0.900355871886121;1011.1489274182403;0.001;
16;0.900355871886121;1011.1480620956775;0.001;
17;0.900355871886121;1011.1474290182389;0.001;
18;0.900355871886121;1011.1469581607371;0.001;
19;0.900355871886121;1011.1466009876747;0.001;
20;0.900355871886121;1011.1463234594061;0.001;
21;0.900355871886121;1011.1461016152786;0.001;
22;0.900355871886121;1011.1459186019164;0.001;
23;0.900355871886121;1011.1457625996962;0.001;
24;0.900355871886121;1011.1456253512001;0.001;
25;0.900355871886121;1011.1455011113591;0.001;
26;0.900355871886121;1011.1453858992344;0.001;
27;0.900355871886121;1011.1452769667644;0.001;
28;0.900355871886121;1011.1451724235824;0.001;
29;0.900355871886121;1011.1450709734245;0.001;
30;0.900355871886121;1011.1449717299206;0.001;
31;0.900355871886121;1011.1448740884631;0.001;
32;0.900355871886121;1011.1447776375105;0.001;
33;0.900355871886121;1011.1446820974096;0.001;
34;0.900355871886121;1011.144587278373;0.001;
35;0.900355871886121;1011.1444930516741;0.001;
36;0.900355871886121;1011.1443993300162;0.001;
37;0.900355871886121;1011.14430605412;0.001;
38;0.900355871886121;1011.1442131836486;0.001;
39;0.900355871886121;1011.1441206910281;0.001;
40;0.900355871886121;1011.144028557287;0.001;
41;0.900355871886121;1011.1439367692457;0.001;
42;0.900355871886121;1011.1438453175969;0.001;
43;0.900355871886121;1011.1437541956494;0.001;
44;0.900355871886121;1011.143663398457;0.001;
45;0.900355871886121;1011.1435729222512;0.001;
46;0.900355871886121;1011.1434827640506;0.001;
47;0.900355871886121;1011.1433929213941;0.001;
48;0.900355871886121;1011.1433033921866;0.001;
49;0.900355871886121;1011.1432141745656;0.001;
50;0.900355871886121;1011.1431252668293;0.001;
51;0.900355871886121;1011.1430366673909;0.001;
52;0.900355871886121;1011.1429483747464;0.001;
53;0.900355871886121;1011.1428603874309;0.001;
54;0.900355871886121;1011.1427727040308;0.001;
55;0.900355871886121;1011.1426853231525;0.001;
56;0.900355871886121;1011.1425982434307;0.001;
57;0.900355871886121;1011.1425114635074;0.001;
58;0.900355871886121;1011.1424249820535;0.001;
59;0.900355871886121;1011.142338797739;0.001;
60;0.900355871886121;1011.1422529092521;0.001;
61;0.900355871886121;1011.1421673152829;0.001;
62;0.900355871886121;1011.1420820145421;0.001;
63;0.900355871886121;1011.1419970057364;0.001;
64;0.900355871886121;1011.1419122875919;0.001;
65;0.900355871886121;1011.1418278588328;0.001;
66;0.900355871886121;1011.1417437181985;0.001;
67;0.900355871886121;1011.1416598644357;0.001;
68;0.900355871886121;1011.141576296297;0.001;
69;0.900355871886121;1011.1414930125427;0.001;
70;0.900355871886121;1011.1414100119406;0.001;
71;0.900355871886121;1011.1413272932667;0.001;
72;0.900355871886121;1011.1412448553043;0.001;
73;0.900355871886121;1011.1411626968471;0.001;
74;0.900355871886121;1011.1410808166856;0.001;
75;0.900355871886121;1011.1409992136348;0.001;
76;0.900355871886121;1011.1409178865013;0.001;
77;0.900355871886121;1011.1408368341052;0.001;
78;0.900355871886121;1011.1407560552731;0.001;
79;0.900355871886121;1011.1406755488368;0.001;
80;0.900355871886121;1011.1405953136376;0.001;
81;0.900355871886121;1011.1405153485268;0.001;
82;0.900355871886121;1011.1404356523531;0.001;
83;0.900355871886121;1011.1403562239828;0.001;
84;0.900355871886121;1011.1402770622855;0.001;
85;0.900355871886121;1011.1401981661311;0.001;
86;0.900355871886121;1011.1401195344046;0.001;
87;0.900355871886121;1011.1400411659941;0.001;
88;0.900355871886121;1011.1399630597934;0.001;
89;0.900355871886121;1011.1398852147051;0.001;
90;0.900355871886121;1011.1398076296317;0.001;
91;0.900355871886121;1011.1397303034954;0.001;
92;0.900355871886121;1011.139653235212;0.001;
93;0.900355871886121;1011.1395764237118;0.001;
94;0.900355871886121;1011.139499867925;0.001;
95;0.900355871886121;1011.1394235667964;0.001;
96;0.900355871886121;1011.1393475192646;0.001;
97;0.900355871886121;1011.139271724285;0.001;
98;0.900355871886121;1011.1391961808146;0.001;
99;0.900355871886121;1011.1391208878215;0.001;
100;0.900355871886121;1011.1390458442737;0.001;
101;0.900355871886121;1011.1389710491488;0.001;
102;0.900355871886121;1011.1388965014264;0.001;
103;0.900355871886121;1011.1388222000942;0.001;
104;0.900355871886121;1011.1387481441457;0.001;
105;0.900355871886121;1011.1386743325875;0.001;
106;0.900355871886121;1011.1386007644178;0.001;
107;0.900355871886121;1011.1385274386517;0.001;
108;0.900355871886121;1011.1384543543052;0.001;
109;0.900355871886121;1011.1383815104014;0.001;
110;0.900355871886121;1011.1383089059683;0.001;
111;0.900355871886121;1011.1382365400393;0.001;
112;0.900355871886121;1011.1381644116567;0.001;
113;0.900355871886121;1011.138092519858;0.001;
114;0.900355871886121;1011.1380208637004;0.001;
115;0.900355871886121;1011.137949442238;0.001;
116;0.900355871886121;1011.1378782545315;0.001;
117;0.900355871886121;1011.1378072996459;0.001;
118;0.900355871886121;1011.1377365766562;0.001;
119;0.900355871886121;1011.1376660846356;0.001;
120;0.900355871886121;1011.1375958226703;0.001;
121;0.900355871886121;1011.1375257898497;0.001;
122;0.900355871886121;1011.13745598526;0.001;
123;0.900355871886121;1011.1373864080031;0.001;
124;0.900355871886121;1011.1373170571821;0.001;
125;0.900355871886121;1011.1372479319033;0.001;
126;0.900355871886121;1011.1371790312783;0.001;
127;0.900355871886121;1011.1371103544266;0.001;
128;0.900355871886121;1011.1370419004717;0.001;
129;0.900355871886121;1011.1369736685429;0.001;
130;0.900355871886121;1011.1369056577647;0.001;
131;0.900355871886121;1011.1368378672838;0.001;
132;0.900355871886121;1011.136770296239;0.001;
133;0.900355871886121;1011.1367029437805;0.001;
134;0.900355871886121;1011.136635809054;0.001;
135;0.900355871886121;1011.1365688912209;0.001;
136;0.900355871886121;1011.1365021894405;0.001;
137;0.900355871886121;1011.1364357028805;0.001;
138;0.900355871886121;1011.1363694307095;0.001;
139;0.900355871886121;1011.1363033720991;0.001;
140;0.900355871886121;1011.1362375262394;0.001;
141;0.900355871886121;1011.1361718923074;0.001;
142;0.900355871886121;1011.136106469488;0.001;
143;0.900355871886121;1011.1360412569785;0.001;
144;0.900355871886121;1011.1359762539755;0.001;
145;0.900355871886121;1011.1359114596839;0.001;
146;0.900355871886121;1011.1358468733055;0.001;
147;0.900355871886121;1011.135782494057;0.001;
148;0.900355871886121;1011.1357183211445;0.001;
149;0.900355871886121;1011.1356543537963;0.001;
150;0.900355871886121;1011.1355905912302;0.001;
151;0.900355871886121;1011.1355270326764;0.001;
152;0.900355871886121;1011.1354636773661;0.001;
153;0.900355871886121;1011.1354005245332;0.001;
154;0.900355871886121;1011.1353375734195;0.001;
155;0.900355871886121;1011.1352748232706;0.001;
156;0.900355871886121;1011.135212273336;0.001;
157;0.900355871886121;1011.1351499228622;0.001;
158;0.900355871886121;1011.1350877711125;0.001;
159;0.900355871886121;1011.135025817342;0.001;
160;0.900355871886121;1011.1349640608187;0.001;
161;0.900355871886121;1011.1349025008071;0.001;
162;0.900355871886121;1011.1348411365794;0.001;
163;0.900355871886121;1011.1347799674194;0.001;
164;0.900355871886121;1011.1347189925999;0.001;
165;0.900355871886121;1011.1346582114056;0.001;
166;0.900355871886121;1011.1345976231285;0.001;
167;0.900355871886121;1011.1345372270557;0.001;
168;0.900355871886121;1011.1344770224864;0.001;
169;0.900355871886121;1011.1344170087187;0.001;
170;0.900355871886121;1011.1343571850512;0.001;
171;0.900355871886121;1011.1342975507949;0.001;
172;0.900355871886121;1011.1342381052585;0.001;
173;0.900355871886121;1011.1341788477525;0.001;
174;0.900355871886121;1011.1341197775979;0.001;
175;0.900355871886121;1011.1340608941143;0.001;
176;0.900355871886121;1011.1340021966323;0.001;
177;0.900355871886121;1011.1339436844717;0.001;
178;0.900355871886121;1011.1338853569717;0.001;
179;0.900355871886121;1011.1338272134592;0.001;
180;0.900355871886121;1011.1337692532775;0.001;
181;0.900355871886121;1011.1337114757678;0.001;
182;0.900355871886121;1011.1336538802755;0.001;
183;0.900355871886121;1011.1335964661536;0.001;
184;0.900355871886121;1011.1335392327522;0.001;
185;0.900355871886121;1011.1334821794201;0.001;
186;0.900355871886121;1011.133425305527;0.001;
187;0.900355871886121;1011.1333686104298;0.001;
188;0.900355871886121;1011.1333120934922;0.001;
189;0.900355871886121;1011.1332557540877;0.001;
190;0.900355871886121;1011.1331995915891;0.001;
191;0.900355871886121;1011.1331436053707;0.001;
192;0.900355871886121;1011.1330877948117;0.001;
193;0.900355871886121;1011.1330321592889;0.001;
194;0.900355871886121;1011.1329766981958;0.001;
195;0.900355871886121;1011.1329214109148;0.001;
196;0.900355871886121;1011.132866296844;0.001;
197;0.900355871886121;1011.1328113553727;0.001;
198;0.900355871886121;1011.1327565858962;0.001;
199;0.900355871886121;1011.1327019878222;0.001;
200;0.900355871886121;1011.1326475605503;0.001;
201;0.900355871886121;1011.1325933034874;0.001;
202;0.900355871886121;1011.132539216044;0.001;
203;0.900355871886121;1011.1324852976358;0.001;
204;0.900355871886121;1011.1324315476768;0.001;
205;0.900355871886121;1011.132377965586;0.001;
206;0.900355871886121;1011.1323245507833;0.001;
207;0.900355871886121;1011.1322713026981;0.001;
208;0.900355871886121;1011.1322182207547;0.001;
209;0.900355871886121;1011.1321653043865;0.001;
210;0.900355871886121;1011.1321125530262;0.001;
211;0.900355871886121;1011.1320599661107;0.001;
212;0.900355871886121;1011.1320075430727;0.001;
213;0.900355871886121;1011.1319552833614;0.001;
214;0.900355871886121;1011.1319031864228;0.001;
215;0.900355871886121;1011.131851251699;0.001;
216;0.900355871886121;1011.1317994786424;0.001;
217;0.900355871886121;1011.1317478667115;0.001;
218;0.900355871886121;1011.1316964153588;0.001;
219;0.900355871886121;1011.1316451240416;0.001;
220;0.900355871886121;1011.1315939922209;0.001;
221;0.900355871886121;1011.1315430193629;0.001;
222;0.900355871886121;1011.131492204936;0.001;
223;0.900355871886121;1011.1314415484048;0.001;
224;0.900355871886121;1011.1313910492461;0.001;
225;0.900355871886121;1011.1313407069284;0.001;
226;0.900355871886121;1011.1312905209396;0.001;
227;0.900355871886121;1011.1312404907475;0.001;
228;0.900355871886121;1011.1311906158434;0.001;
229;0.900355871886121;1011.1311408957148;0.001;
230;0.900355871886121;1011.1310913298382;0.001;
231;0.900355871886121;1011.1310419177145;0.001;
232;0.900355871886121;1011.1309926588295;0.001;
233;0.900355871886121;1011.1309435526794;0.001;
234;0.900355871886121;1011.1308945987665;0.001;
235;0.900355871886121;1011.1308457965889;0.001;
236;0.900355871886121;1011.1307971456459;0.001;
237;0.900355871886121;1011.1307486454464;0.001;
238;0.900355871886121;1011.1307002954958;0.001;
239;0.900355871886121;1011.1306520953053;0.001;
240;0.900355871886121;1011.1306040443885;0.001;
241;0.900355871886121;1011.1305561422539;0.001;
242;0.900355871886121;1011.1305083884266;0.001;
243;0.900355871886121;1011.1304607824225;0.001;
244;0.900355871886121;1011.1304133237647;0.001;
245;0.900355871886121;1011.1303660119753;0.001;
246;0.900355871886121;1011.130318846583;0.001;
247;0.900355871886121;1011.1302718271157;0.001;
248;0.900355871886121;1011.1302249531035;0.001;
249;0.900355871886121;1011.1301782240836;0.001;
250;0.900355871886121;1011.1301316395823;0.001;
251;0.900355871886121;1011.1300851991471;0.001;
252;0.900355871886121;1011.1300389023185;0.001;
253;0.900355871886121;1011.1299927486333;0.001;
254;0.900355871886121;1011.1299467376349;0.001;
255;0.900355871886121;1011.1299008688744;0.001;
256;0.900355871886121;1011.1298551418989;0.001;
257;0.900355871886121;1011.1298095562604;0.001;
258;0.900355871886121;1011.129764111513;0.001;
259;0.900355871886121;1011.1297188072118;0.001;
260;0.900355871886121;1011.1296736429119;0.001;
261;0.900355871886121;1011.1296286181748;0.001;
262;0.900355871886121;1011.1295837325623;0.001;
263;0.900355871886121;1011.1295389856421;0.001;
264;0.900355871886121;1011.1294943769734;0.001;
265;0.900355871886121;1011.1294499061254;0.001;
266;0.900355871886121;1011.1294055726651;0.001;
267;0.900355871886121;1011.1293613761716;0.001;
268;0.900355871886121;1011.1293173162217;0.001;
269;0.900355871886121;1011.1292733923859;0.001;
270;0.900355871886121;1011.1292296042382;0.001;
271;0.900355871886121;1011.129185951367;0.001;
272;0.900355871886121;1011.129142433354;0.001;
273;0.900355871886121;1011.1290990497791;0.001;
274;0.900355871886121;1011.1290558002303;0.001;
275;0.900355871886121;1011.1290126842952;0.001;
276;0.900355871886121;1011.1289697015618;0.001;
277;0.900355871886121;1011.1289268516284;0.001;
278;0.900355871886121;1011.1288841340822;0.001;
279;0.900355871886121;1011.1288415485274;0.001;
280;0.900355871886121;1011.1287990945532;0.001;
281;0.900355871886121;1011.1287567717662;0.001;
282;0.900355871886121;1011.1287145797602;0.001;
283;0.900355871886121;1011.1286725181449;0.001;
284;0.900355871886121;1011.1286305865247;0.001;
285;0.900355871886121;1011.1285887845036;0.001;
286;0.900355871886121;1011.1285471116928;0.001;
287;0.900355871886121;1011.1285055677017;0.001;
288;0.900355871886121;1011.1284641521457;0.001;
289;0.900355871886121;1011.1284228646385;0.001;
290;0.900355871886121;1011.1283817047927;0.001;
291;0.900355871886121;1011.1283406722316;0.001;
292;0.900355871886121;1011.128299766573;0.001;
293;0.900355871886121;1011.1282589874355;0.001;
294;0.900355871886121;1011.1282183344449;0.001;
295;0.900355871886121;1011.1281778072255;0.001;
296;0.900355871886121;1011.1281374054089;0.001;
297;0.900355871886121;1011.1280971286124;0.001;
298;0.900355871886121;1011.1280569764805;0.001;
299;0.900355871886121;1011.1280169486392;0.001;
300;0.900355871886121;1011.1279770447164;0.001;
301;0.900355871886121;1011.1279372643518;0.001;
302;0.900355871886121;1011.1278976071869;0.001;
303;0.900355871886121;1011.1278580728571;0.001;
304;0.900355871886121;1011.1278186610011;0.001;
305;0.900355871886121;1011.1277793712611;0.001;
306;0.900355871886121;1011.1277402032832;0.001;
307;0.900355871886121;1011.1277011567116;0.001;
308;0.900355871886121;1011.1276622311872;0.001;
309;0.900355871886121;1011.127623426371;0.001;
310;0.900355871886121;1011.1275847419057;0.001;
311;0.900355871886121;1011.1275461774444;0.001;
312;0.900355871886121;1011.1275077326401;0.001;
313;0.900355871886121;1011.1274694071478;0.001;
314;0.900355871886121;1011.1274312006209;0.001;
315;0.900355871886121;1011.1273931127271;0.001;
316;0.900355871886121;1011.1273551431158;0.001;
317;0.900355871886121;1011.1273172914496;0.001;
318;0.900355871886121;1011.1272795574004;0.001;
319;0.900355871886121;1011.1272419406222;0.001;
320;0.900355871886121;1011.1272044407867;0.001;
321;0.900355871886121;1011.1271670575585;0.001;
322;0.900355871886121;1011.127129790608;0.001;
323;0.900355871886121;1011.127092639605;0.001;
324;0.900355871886121;1011.1270556042239;0.001;
325;0.900355871886121;1011.1270186841334;0.001;
326;0.900355871886121;1011.1269818790084;0.001;
327;0.900355871886121;1011.1269451885279;0.001;
328;0.900355871886121;1011.1269086123694;0.001;
329;0.900355871886121;1011.1268721502156;0.001;
330;0.900355871886121;1011.1268358017418;0.001;
331;0.900355871886121;1011.1267995666323;0.001;
332;0.900355871886121;1011.1267634445695;0.001;
333;0.900355871886121;1011.1267274352379;0.001;
334;0.900355871886121;1011.1266915383254;0.001;
335;0.900355871886121;1011.1266557535206;0.001;
336;0.900355871886121;1011.1266200805101;0.001;
337;0.900355871886121;1011.1265845189879;0.001;
338;0.900355871886121;1011.1265490686407;0.001;
339;0.900355871886121;1011.1265137291709;0.001;
340;0.900355871886121;1011.126478500264;0.001;
341;0.900355871886121;1011.1264433816232;0.001;
342;0.900355871886121;1011.1264083729404;0.001;
343;0.900355871886121;1011.1263734739161;0.001;
344;0.900355871886121;1011.126338684253;0.001;
345;0.900355871886121;1011.1263040036488;0.001;
346;0.900355871886121;1011.1262694318092;0.001;
347;0.900355871886121;1011.1262349684354;0.001;
348;0.900355871886121;1011.1262006132351;0.001;
349;0.900355871886121;1011.1261663659178;0.001;
350;0.900355871886121;1011.1261322261896;0.001;
351;0.900355871886121;1011.1260981937561;0.001;
352;0.900355871886121;1011.1260642683299;0.001;
353;0.900355871886121;1011.1260304496228;0.001;
354;0.900355871886121;1011.125996737352;0.001;
355;0.900355871886121;1011.1259631312282;0.001;
356;0.900355871886121;1011.1259296309703;0.001;
357;0.900355871886121;1011.1258962362879;0.001;
358;0.900355871886121;1011.1258629469093;0.001;
359;0.900355871886121;1011.1258297625483;0.001;
360;0.900355871886121;1011.1257966829245;0.001;
361;0.900355871886121;1011.1257637077638;0.001;
362;0.900355871886121;1011.1257308367886;0.001;
363;0.900355871886121;1011.125698069721;0.001;
364;0.900355871886121;1011.1256654062904;0.001;
365;0.900355871886121;1011.1256328462179;0.001;
366;0.900355871886121;1011.1256003892356;0.001;
367;0.900355871886121;1011.1255680350732;0.001;
368;0.900355871886121;1011.1255357834609;0.001;
369;0.900355871886121;1011.125503634128;0.001;
370;0.900355871886121;1011.1254715868107;0.001;
371;0.900355871886121;1011.1254396412392;0.001;
372;0.900355871886121;1011.1254077971507;0.001;
373;0.900355871886121;1011.1253760542812;0.001;
374;0.900355871886121;1011.1253444123704;0.001;
375;0.900355871886121;1011.1253128711551;0.001;
376;0.900355871886121;1011.1252814303747;0.001;
377;0.900355871886121;1011.125250089768;0.001;
378;0.900355871886121;1011.1252188490812;0.001;
379;0.900355871886121;1011.1251877080556;0.001;
380;0.900355871886121;1011.1251566664356;0.001;
381;0.900355871886121;1011.125125723963;0.001;
382;0.900355871886121;1011.1250948803861;0.001;
383;0.900355871886121;1011.125064135458;0.001;
384;0.900355871886121;1011.1250334889229;0.001;
385;0.900355871886121;1011.1250029405295;0.001;
386;0.900355871886121;1011.124972490032;0.001;
387;0.900355871886121;1011.124942137179;0.001;
388;0.900355871886121;1011.124911881727;0.001;
389;0.900355871886121;1011.1248817234242;0.001;
390;0.900355871886121;1011.1248516620323;0.001;
391;0.900355871886121;1011.1248216973066;0.001;
392;0.900355871886121;1011.124791829003;0.001;
393;0.900355871886121;1011.1247620568732;0.001;
394;0.900355871886121;1011.1247323806896;0.001;
395;0.900355871886121;1011.1247028002037;0.001;
396;0.900355871886121;1011.1246733151779;0.001;
397;0.900355871886121;1011.124643925377;0.001;
398;0.900355871886121;1011.1246146305623;0.001;
399;0.900355871886121;1011.1245854304985;0.001;
400;0.900355871886121;1011.1245563249529;0.001;
401;0.900355871886121;1011.1245273136886;0.001;
402;0.900355871886121;1011.1244983964777;0.001;
403;0.900355871886121;1011.1244695730852;0.001;
404;0.900355871886121;1011.1244408432868;0.001;
405;0.900355871886121;1011.1244122068456;0.001;
406;0.900355871886121;1011.1243836635327;0.001;
407;0.900355871886121;1011.1243552131286;0.001;
408;0.900355871886121;1011.124326855398;0.001;
409;0.900355871886121;1011.1242985901212;0.001;
410;0.900355871886121;1011.1242704170711;0.001;
411;0.900355871886121;1011.124242336025;0.001;
412;0.900355871886121;1011.1242143467607;0.001;
413;0.900355871886121;1011.1241864490522;0.001;
414;0.900355871886121;1011.1241586426846;0.001;
415;0.900355871886121;1011.1241309274329;0.001;
416;0.900355871886121;1011.124103303083;0.001;
417;0.900355871886121;1011.1240757694143;0.001;
418;0.900355871886121;1011.1240483262096;0.001;
419;0.900355871886121;1011.1240209732528;0.001;
420;0.900355871886121;1011.12399371033;0.001;
421;0.900355871886121;1011.1239665372273;0.001;
422;0.900355871886121;1011.1239394537296;0.001;
423;0.900355871886121;1011.1239124596258;0.001;
424;0.900355871886121;1011.1238855547032;0.001;
425;0.900355871886121;1011.1238587387543;0.001;
426;0.900355871886121;1011.1238320115622;0.001;
427;0.900355871886121;1011.1238053729247;0.001;
428;0.900355871886121;1011.1237788226312;0.001;
429;0.900355871886121;1011.123752360476;0.001;
430;0.900355871886121;1011.1237259862497;0.001;
431;0.900355871886121;1011.1236996997505;0.001;
432;0.900355871886121;1011.1236735007764;0.001;
433;0.900355871886121;1011.1236473891188;0.001;
434;0.900355871886121;1011.1236213645723;0.001;
435;0.900355871886121;1011.1235954269413;0.001;
436;0.900355871886121;1011.1235695760219;0.001;
437;0.900355871886121;1011.1235438116147;0.001;
438;0.900355871886121;1011.1235181335226;0.001;
439;0.900355871886121;1011.1234925415417;0.001;
440;0.900355871886121;1011.1234670354793;0.001;
441;0.900355871886121;1011.1234416151361;0.001;
442;0.900355871886121;1011.1234162803166;0.001;
443;0.900355871886121;1011.1233910308248;0.001;
444;0.900355871886121;1011.1233658664696;0.001;
445;0.900355871886121;1011.1233407870574;0.001;
446;0.900355871886121;1011.1233157923905;0.001;
447;0.900355871886121;1011.1232908822826;0.001;
448;0.900355871886121;1011.1232660565402;0.001;
449;0.900355871886121;1011.1232413149702;0.001;
450;0.900355871886121;1011.1232166573881;0.001;
451;0.900355871886121;1011.1231920836008;0.001;
452;0.900355871886121;1011.1231675934239;0.001;
453;0.900355871886121;1011.1231431866694;0.001;
454;0.900355871886121;1011.1231188631517;0.001;
455;0.900355871886121;1011.1230946226851;0.001;
456;0.900355871886121;1011.123070465086;0.001;
457;0.900355871886121;1011.1230463901654;0.001;
458;0.900355871886121;1011.1230223977442;0.001;
459;0.900355871886121;1011.1229984876364;0.001;
460;0.900355871886121;1011.1229746596686;0.001;
461;0.900355871886121;1011.1229509136484;0.001;
462;0.900355871886121;1011.122927249408;0.001;
463;0.900355871886121;1011.122903666761;0.001;
464;0.900355871886121;1011.1228801655278;0.001;
465;0.900355871886121;1011.1228567455333;0.001;
466;0.900355871886121;1011.1228334066005;0.001;
467;0.900355871886121;1011.1228101485545;0.001;
468;0.900355871886121;1011.1227869712129;0.001;
469;0.900355871886121;1011.1227638744103;0.001;
470;0.900355871886121;1011.122740857967;0.001;
471;0.900355871886121;1011.1227179217101;0.001;
472;0.900355871886121;1011.1226950654641;0.001;
473;0.900355871886121;1011.1226722890647;0.001;
474;0.900355871886121;1011.1226495923324;0.001;
475;0.900355871886121;1011.1226269751019;0.001;
476;0.900355871886121;1011.122604437199;0.001;
477;0.900355871886121;1011.1225819784594;0.001;
478;0.900355871886121;1011.1225595987108;0.001;
479;0.900355871886121;1011.1225372977923;0.001;
480;0.900355871886121;1011.1225150755286;0.001;
481;0.900355871886121;1011.1224929317638;0.001;
482;0.900355871886121;1011.1224708663179;0.001;
483;0.900355871886121;1011.1224488790343;0.001;
484;0.900355871886121;1011.1224269697492;0.001;
485;0.900355871886121;1011.1224051383011;0.001;
486;0.900355871886121;1011.1223833845211;0.001;
487;0.900355871886121;1011.1223617082528;0.001;
488;0.900355871886121;1011.1223401093299;0.001;
489;0.900355871886121;1011.122318587594;0.001;
490;0.900355871886121;1011.122297142886;0.001;
491;0.900355871886121;1011.122275775042;0.001;
492;0.900355871886121;1011.1222544839047;0.001;
493;0.900355871886121;1011.12223326932;0.001;
494;0.900355871886121;1011.122212131129;0.001;
495;0.900355871886121;1011.1221910691733;0.001;
496;0.900355871886121;1011.1221700833;0.001;
497;0.900355871886121;1011.1221491733493;0.001;
498;0.900355871886121;1011.1221283391702;0.001;
499;0.900355871886121;1011.1221075806019;0.001;
500;0.900355871886121;1011.122086897494;0.001;
501;0.900355871886121;1011.1220662897003;0.001;
502;0.900355871886121;1011.1220457570585;0.001;
503;0.900355871886121;1011.1220252994248;0.001;
504;0.900355871886121;1011.1220049166458;0.001;
505;0.900355871886121;1011.1219846085712;0.001;
506;0.900355871886121;1011.1219643750454;0.001;
507;0.900355871886121;1011.1219442159268;0.001;
508;0.900355871886121;1011.1219241310691;0.001;
509;0.900355871886121;1011.1219041203169;0.001;
510;0.900355871886121;1011.1218841835256;0.001;
511;0.900355871886121;1011.1218643205444;0.001;
512;0.900355871886121;1011.1218445312367;0.001;
513;0.900355871886121;1011.1218248154495;0.001;
514;0.900355871886121;1011.121805173039;0.001;
515;0.900355871886121;1011.1217856038642;0.001;
516;0.900355871886121;1011.1217661077795;0.001;
517;0.900355871886121;1011.1217466846424;0.001;
518;0.900355871886121;1011.1217273343101;0.001;
519;0.900355871886121;1011.1217080566433;0.001;
520;0.900355871886121;1011.1216888514963;0.001;
521;0.900355871886121;1011.1216697187307;0.001;
522;0.900355871886121;1011.1216506582048;0.001;
523;0.900355871886121;1011.121631669783;0.001;
524;0.900355871886121;1011.1216127533245;0.001;
525;0.900355871886121;1011.1215939086862;0.001;
526;0.900355871886121;1011.1215751357388;0.001;
527;0.900355871886121;1011.1215564343408;0.001;
528;0.900355871886121;1011.1215378043584;0.001;
529;0.900355871886121;1011.1215192456467;0.001;
530;0.900355871886121;1011.1215007580826;0.001;
531;0.900355871886121;1011.121482341522;0.001;
532;0.900355871886121;1011.1214639958351;0.001;
533;0.900355871886121;1011.1214457208832;0.001;
534;0.900355871886121;1011.1214275165447;0.001;
535;0.900355871886121;1011.1214093826735;0.001;
536;0.900355871886121;1011.1213913191496;0.001;
537;0.900355871886121;1011.1213733258304;0.001;
538;0.900355871886121;1011.1213554025888;0.001;
539;0.900355871886121;1011.1213375492943;0.001;
540;0.900355871886121;1011.1213197658205;0.001;
541;0.900355871886121;1011.1213020520371;0.001;
542;0.900355871886121;1011.1212844078107;0.001;
543;0.900355871886121;1011.1212668330152;0.001;
544;0.900355871886121;1011.1212493275289;0.001;
545;0.900355871886121;1011.1212318912183;0.001;
546;0.900355871886121;1011.1212145239559;0.001;
547;0.900355871886121;1011.1211972256197;0.001;
548;0.900355871886121;1011.1211799960795;0.001;
549;0.900355871886121;1011.121162835213;0.001;
550;0.900355871886121;1011.1211457428988;0.001;
551;0.900355871886121;1011.1211287190116;0.001;
552;0.900355871886121;1011.121111763423;0.001;
553;0.900355871886121;1011.1210948760123;0.001;
554;0.900355871886121;1011.1210780566599;0.001;
555;0.900355871886121;1011.1210613052419;0.001;
556;0.900355871886121;1011.121044621638;0.001;
557;0.900355871886121;1011.1210280057226;0.001;
558;0.900355871886121;1011.1210114573827;0.001;
559;0.900355871886121;1011.1209949764941;0.001;
560;0.900355871886121;1011.1209785629326;0.001;
561;0.900355871886121;1011.1209622165914;0.001;
562;0.900355871886121;1011.120945937345;0.001;
563;0.900355871886121;1011.1209297250729;0.001;
564;0.900355871886121;1011.1209135796619;0.001;
565;0.900355871886121;1011.1208975009938;0.001;
566;0.900355871886121;1011.1208814889533;0.001;
567;0.900355871886121;1011.1208655434233;0.001;
568;0.900355871886121;1011.1208496642865;0.001;
569;0.900355871886121;1011.1208338514332;0.001;
570;0.900355871886121;1011.1208181047459;0.001;
571;0.900355871886121;1011.1208024241105;0.001;
572;0.900355871886121;1011.1207868094143;0.001;
573;0.900355871886121;1011.1207712605446;0.001;
574;0.900355871886121;1011.1207557773846;0.001;
575;0.900355871886121;1011.1207403598314;0.001;
576;0.900355871886121;1011.1207250077616;0.001;
577;0.900355871886121;1011.1207097210696;0.001;
578;0.900355871886121;1011.1206944996486;0.001;
579;0.900355871886121;1011.1206793433855;0.001;
580;0.900355871886121;1011.1206642521738;0.001;
581;0.900355871886121;1011.1206492258982;0.001;
582;0.900355871886121;1011.1206342644548;0.001;
583;0.900355871886121;1011.1206193677323;0.001;
584;0.900355871886121;1011.1206045356253;0.001;
585;0.900355871886121;1011.1205897680236;0.001;
586;0.900355871886121;1011.1205750648227;0.001;
587;0.900355871886121;1011.1205604259133;0.001;
588;0.900355871886121;1011.120545851193;0.001;
589;0.900355871886121;1011.1205313405546;0.001;
590;0.900355871886121;1011.1205168938932;0.001;
591;0.900355871886121;1011.1205025111053;0.001;
592;0.900355871886121;1011.1204881920862;0.001;
593;0.900355871886121;1011.1204739367281;0.001;
594;0.900355871886121;1011.1204597449345;0.001;
595;0.900355871886121;1011.1204456165963;0.001;
596;0.900355871886121;1011.1204315516194;0.001;
597;0.900355871886121;1011.1204175498885;0.001;
598;0.900355871886121;1011.1204036113148;0.001;
599;0.900355871886121;1011.1203897357933;0.001;
600;0.900355871886121;1011.1203759232218;0.001;
601;0.900355871886121;1011.1203621735008;0.001;
602;0.900355871886121;1011.1203484865291;0.001;
603;0.900355871886121;1011.1203348622107;0.001;
604;0.900355871886121;1011.120321300445;0.001;
605;0.900355871886121;1011.120307801133;0.001;
606;0.900355871886121;1011.1202943641752;0.001;
607;0.900355871886121;1011.1202809894777;0.001;
608;0.900355871886121;1011.1202676769386;0.001;
609;0.900355871886121;1011.1202544264653;0.001;
610;0.900355871886121;1011.1202412379608;0.001;
611;0.900355871886121;1011.1202281113277;0.001;
612;0.900355871886121;1011.1202150464715;0.001;
613;0.900355871886121;1011.1202020432959;0.001;
614;0.900355871886121;1011.1201891017105;0.001;
615;0.900355871886121;1011.1201762216131;0.001;
616;0.900355871886121;1011.1201634029138;0.001;
617;0.900355871886121;1011.1201506455202;0.001;
618;0.900355871886121;1011.1201379493361;0.001;
619;0.900355871886121;1011.1201253142759;0.001;
620;0.900355871886121;1011.1201127402429;0.001;
621;0.900355871886121;1011.1201002271426;0.001;
622;0.900355871886121;1011.120087774888;0.001;
623;0.900355871886121;1011.1200753833817;0.001;
624;0.900355871886121;1011.1200630525426;0.001;
625;0.900355871886121;1011.1200507822729;0.001;
626;0.900355871886121;1011.1200385724853;0.001;
627;0.900355871886121;1011.1200264230879;0.001;
628;0.900355871886121;1011.1200143339935;0.001;
629;0.900355871886121;1011.120002305117;0.001;
630;0.900355871886121;1011.1199903363666;0.001;
631;0.900355871886121;1011.1199784276554;0.001;
632;0.900355871886121;1011.1199665788922;0.001;
633;0.900355871886121;1011.1199547899969;0.001;
634;0.900355871886121;1011.1199430608763;0.001;
635;0.900355871886121;1011.1199313914484;0.001;
636;0.900355871886121;1011.1199197816197;0.001;
637;0.900355871886121;1011.119908231316;0.001;
638;0.900355871886121;1011.1198967404481;0.001;
639;0.900355871886121;1011.1198853089243;0.001;
640;0.900355871886121;1011.1198739366688;0.001;
641;0.900355871886121;1011.1198626235944;0.001;
642;0.900355871886121;1011.119851369617;0.001;
643;0.900355871886121;1011.1198401746526;0.001;
644;0.900355871886121;1011.1198290386167;0.001;
645;0.900355871886121;1011.1198179614311;0.001;
646;0.900355871886121;1011.119806943015;0.001;
647;0.900355871886121;1011.1197959832808;0.001;
648;0.900355871886121;1011.1197850821499;0.001;
649;0.900355871886121;1011.119774239543;0.001;
650;0.900355871886121;1011.1197634553786;0.001;
651;0.900355871886121;1011.1197527295706;0.001;
652;0.900355871886121;1011.119742062048;0.001;
653;0.900355871886121;1011.1197314527224;0.001;
654;0.900355871886121;1011.1197209015211;0.001;
655;0.900355871886121;1011.1197104083654;0.001;
656;0.900355871886121;1011.1196999731714;0.001;
657;0.900355871886121;1011.1196895958653;0.001;
658;0.900355871886121;1011.1196792763718;0.001;
659;0.900355871886121;1011.1196690146041;0.001;
660;0.900355871886121;1011.1196588104914;0.001;
661;0.900355871886121;1011.1196486639591;0.001;
662;0.900355871886121;1011.1196385749247;0.001;
663;0.900355871886121;1011.1196285433173;0.001;
664;0.900355871886121;1011.1196185690599;0.001;
665;0.900355871886121;1011.1196086520762;0.001;
666;0.900355871886121;1011.1195987922913;0.001;
667;0.900355871886121;1011.1195889896313;0.001;
668;0.900355871886121;1011.1195792440251;0.001;
669;0.900355871886121;1011.1195695553927;0.001;
670;0.900355871886121;1011.1195599236597;0.001;
671;0.900355871886121;1011.1195503487605;0.001;
672;0.900355871886121;1011.1195408306156;0.001;
673;0.900355871886121;1011.1195313691563;0.001;
674;0.900355871886121;1011.1195219643109;0.001;
675;0.900355871886121;1011.1195126159981;0.001;
676;0.900355871886121;1011.1195033241603;0.001;
677;0.900355871886121;1011.1194940887177;0.001;
678;0.900355871886121;1011.1194849095995;0.001;
679;0.900355871886121;1011.1194757867372;0.001;
680;0.900355871886121;1011.1194667200652;0.001;
681;0.900355871886121;1011.1194577095047;0.001;
682;0.900355871886121;1011.119448754989;0.001;
683;0.900355871886121;1011.1194398564546;0.001;
684;0.900355871886121;1011.1194310138252;0.001;
685;0.900355871886121;1011.1194222270362;0.001;
686;0.900355871886121;1011.1194134960213;0.001;
687;0.900355871886121;1011.1194048207049;0.001;
688;0.900355871886121;1011.1193962010274;0.001;
689;0.900355871886121;1011.1193876369188;0.001;
690;0.900355871886121;1011.11937912831;0.001;
691;0.900355871886121;1011.119370675138;0.001;
692;0.900355871886121;1011.1193622773342;0.001;
693;0.900355871886121;1011.1193539348312;0.001;
694;0.900355871886121;1011.1193456475663;0.001;
695;0.900355871886121;1011.1193374154748;0.001;
696;0.900355871886121;1011.119329238488;0.001;
697;0.900355871886121;1011.1193211165455;0.001;
698;0.900355871886121;1011.1193130495825;0.001;
699;0.900355871886121;1011.1193050375286;0.001;
700;0.900355871886121;1011.1192970803302;0.001;
701;0.900355871886121;1011.1192891779123;0.001;
702;0.900355871886121;1011.1192813302213;0.001;
703;0.900355871886121;1011.1192735371911;0.001;
704;0.900355871886121;1011.1192657987602;0.001;
705;0.900355871886121;1011.1192581148642;0.001;
706;0.900355871886121;1011.1192504854457;0.001;
707;0.900355871886121;1011.1192429104376;0.001;
708;0.900355871886121;1011.1192353897791;0.001;
709;0.900355871886121;1011.1192279234168;0.001;
710;0.900355871886121;1011.119220511278;0.001;
711;0.900355871886121;1011.1192131533114;0.001;
712;0.900355871886121;1011.1192058494568;0.001;
713;0.900355871886121;1011.1191985996493;0.001;
714;0.900355871886121;1011.1191914038366;0.001;
715;0.900355871886121;1011.1191842619485;0.001;
716;0.900355871886121;1011.1191771739383;0.001;
717;0.900355871886121;1011.1191701397424;0.001;
718;0.900355871886121;1011.1191631593009;0.001;
719;0.900355871886121;1011.1191562325571;0.001;
720;0.900355871886121;1011.1191493594532;0.001;
721;0.900355871886121;1011.1191425399331;0.001;
722;0.900355871886121;1011.1191357739427;0.001;
723;0.900355871886121;1011.1191290614186;0.001;
724;0.900355871886121;1011.1191224023083;0.001;
725;0.900355871886121;1011.1191157965563;0.001;
726;0.900355871886121;1011.119109244105;0.001;
727;0.900355871886121;1011.1191027448984;0.001;
728;0.900355871886121;1011.1190962988788;0.001;
729;0.900355871886121;1011.1190899059983;0.001;
730;0.900355871886121;1011.1190835661996;0.001;
731;0.900355871886121;1011.1190772794241;0.001;
732;0.900355871886121;1011.1190710456268;0.001;
733;0.900355871886121;1011.1190648647411;0.001;
734;0.900355871886121;1011.1190587367257;0.001;
735;0.900355871886121;1011.119052661516;0.001;
736;0.900355871886121;1011.1190466390728;0.001;
737;0.900355871886121;1011.1190406693287;0.001;
738;0.900355871886121;1011.1190347522422;0.001;
739;0.900355871886121;1011.1190288877572;0.001;
740;0.900355871886121;1011.1190230758222;0.001;
741;0.900355871886121;1011.1190173163844;0.001;
742;0.900355871886121;1011.1190116093956;0.001;
743;0.900355871886121;1011.1190059548047;0.001;
744;0.900355871886121;1011.1190003525563;0.001;
745;0.900355871886121;1011.1189948026017;0.001;
746;0.900355871886121;1011.1189893048937;0.001;
747;0.900355871886121;1011.1189838593847;0.001;
748;0.900355871886121;1011.1189784660178;0.001;
749;0.900355871886121;1011.1189731247484;0.001;
750;0.900355871886121;1011.1189678355261;0.001;
751;0.900355871886121;1011.1189625983027;0.001;
752;0.900355871886121;1011.1189574130307;0.001;
753;0.900355871886121;1011.1189522796618;0.001;
754;0.900355871886121;1011.118947198147;0.001;
755;0.900355871886121;1011.1189421684358;0.001;
756;0.900355871886121;1011.1189371904818;0.001;
757;0.900355871886121;1011.118932264242;0.001;
758;0.900355871886121;1011.118927389671;0.001;
759;0.900355871886121;1011.1189225667166;0.001;
760;0.900355871886121;1011.1189177953343;0.001;
761;0.900355871886121;1011.1189130754775;0.001;
762;0.900355871886121;1011.1189084071007;0.001;
763;0.900355871886121;1011.1189037901626;0.001;
764;0.900355871886121;1011.1188992246139;0.001;
765;0.900355871886121;1011.1188947104107;0.001;
766;0.900355871886121;1011.1188902475064;0.001;
767;0.900355871886121;1011.1188858358582;0.001;
768;0.900355871886121;1011.1188814754219;0.001;
769;0.900355871886121;1011.1188771661582;0.001;
770;0.900355871886121;1011.1188729080136;0.001;
771;0.900355871886121;1011.1188687009501;0.001;
772;0.900355871886121;1011.1188645449282;0.001;
773;0.900355871886121;1011.1188604399013;0.001;
774;0.900355871886121;1011.1188563858265;0.001;
775;0.900355871886121;1011.118852382659;0.001;
776;0.900355871886121;1011.1188484303638;0.001;
777;0.900355871886121;1011.1188445288936;0.001;
778;0.900355871886121;1011.11884067821;0.001;
779;0.900355871886121;1011.1188368782697;0.001;
780;0.900355871886121;1011.1188331290276;0.001;
781;0.900355871886121;1011.1188294304493;0.001;
782;0.900355871886121;1011.1188257824956;0.001;
783;0.900355871886121;1011.1188221851202;0.001;
784;0.900355871886121;1011.118818638288;0.001;
785;0.900355871886121;1011.1188151419591;0.001;
786;0.900355871886121;1011.11881169609;0.001;
787;0.900355871886121;1011.1188083006457;0.001;
788;0.900355871886121;1011.1188049555822;0.001;
789;0.900355871886121;1011.118801660865;0.001;
790;0.900355871886121;1011.1187984164553;0.001;
791;0.900355871886121;1011.1187952223164;0.001;
792;0.900355871886121;1011.1187920784078;0.001;
793;0.900355871886121;1011.118788984689;0.001;
794;0.900355871886121;1011.1187859411282;0.001;
795;0.900355871886121;1011.118782947684;0.001;
796;0.900355871886121;1011.1187800043185;0.001;
797;0.900355871886121;1011.1187771110019;0.001;
798;0.900355871886121;1011.118774267692;0.001;
799;0.900355871886121;1011.1187714743539;0.001;
800;0.900355871886121;1011.1187687309546;0.001;
801;0.900355871886121;1011.1187660374574;0.001;
802;0.900355871886121;1011.1187633938216;0.001;
803;0.900355871886121;1011.1187608000151;0.001;
804;0.900355871886121;1011.1187582560057;0.001;
805;0.900355871886121;1011.1187557617548;0.001;
806;0.900355871886121;1011.1187533172263;0.001;
807;0.900355871886121;1011.118750922394;0.001;
808;0.900355871886121;1011.1187485772156;0.001;
809;0.900355871886121;1011.1187462816606;0.001;
810;0.900355871886121;1011.1187440356964;0.001;
811;0.900355871886121;1011.1187418392896;0.001;
812;0.900355871886121;1011.1187396924075;0.001;
813;0.900355871886121;1011.1187375950169;0.001;
814;0.900355871886121;1011.1187355470815;0.001;
815;0.900355871886121;1011.1187335485731;0.001;
816;0.900355871886121;1011.1187315994605;0.001;
817;0.900355871886121;1011.1187296997107;0.001;
818;0.900355871886121;1011.1187278492907;0.001;
819;0.900355871886121;1011.118726048168;0.001;
820;0.900355871886121;1011.1187242963168;0.001;
821;0.900355871886121;1011.118722593703;0.001;
822;0.900355871886121;1011.1187209402956;0.001;
823;0.900355871886121;1011.1187193360626;0.001;
824;0.900355871886121;1011.1187177809784;0.001;
825;0.900355871886121;1011.1187162750084;0.001;
826;0.900355871886121;1011.1187148181281;0.001;
827;0.900355871886121;1011.1187134103011;0.001;
828;0.900355871886121;1011.1187120515057;0.001;
829;0.900355871886121;1011.1187107417076;0.001;
830;0.900355871886121;1011.1187094808786;0.001;
831;0.900355871886121;1011.1187082689946;0.001;
832;0.900355871886121;1011.1187071060211;0.001;
833;0.900355871886121;1011.1187059919358;0.001;
834;0.900355871886121;1011.1187049267079;0.001;
835;0.900355871886121;1011.1187039103082;0.001;
836;0.900355871886121;1011.1187029427122;0.001;
837;0.900355871886121;1011.1187020238938;0.001;
838;0.900355871886121;1011.1187011538229;0.001;
839;0.900355871886121;1011.1187003324737;0.001;
840;0.900355871886121;1011.1186995598225;0.001;
841;0.900355871886121;1011.1186988358412;0.001;
842;0.900355871886121;1011.1186981605032;0.001;
843;0.900355871886121;1011.1186975337833;0.001;
844;0.900355871886121;1011.1186969556517;0.001;
845;0.900355871886121;1011.1186964260894;0.001;
846;0.900355871886121;1011.1186959450712;0.001;
847;0.900355871886121;1011.1186955125688;0.001;
848;0.900355871886121;1011.118695128563;0.001;
849;0.900355871886121;1011.1186947930215;0.001;
850;0.900355871886121;1011.1186945059247;0.001;
851;0.900355871886121;1011.118694267246;0.001;
852;0.900355871886121;1011.118694076969;0.001;
853;0.900355871886121;1011.1186939350647;0.001;
854;0.900355871886121;1011.1186938415118;0.001;
855;0.900355871886121;1011.1186937962862;0.001;
856;0.900355871886121;1011.1186937993615;0.001;
857;0.900355871886121;1011.1186938507209;0.001;
858;0.900355871886121;1011.1186939503384;0.001;
859;0.900355871886121;1011.1186940981967;0.001;
860;0.900355871886121;1011.1186942942668;0.001;
861;0.900355871886121;1011.1186945385352;0.001;
862;0.900355871886121;1011.1186948309733;0.001;
863;0.900355871886121;1011.1186951715614;0.001;
864;0.900355871886121;1011.118695560283;0.001;
865;0.900355871886121;1011.1186959971114;0.001;
866;0.900355871886121;1011.1186964820304;0.001;
867;0.900355871886121;1011.1186970150209;0.001;
868;0.900355871886121;1011.1186975960563;0.001;
869;0.900355871886121;1011.1186982251234;0.001;
870;0.900355871886121;1011.1186989022005;0.001;
871;0.900355871886121;1011.1186996272626;0.001;
872;0.900355871886121;1011.1187004002983;0.001;
873;0.900355871886121;1011.1187012212898;0.001;
874;0.900355871886121;1011.1187020902087;0.001;
875;0.900355871886121;1011.1187030070467;0.001;
876;0.900355871886121;1011.1187039717777;0.001;
877;0.900355871886121;1011.1187049843862;0.001;
878;0.900355871886121;1011.1187060448563;0.001;
879;0.900355871886121;1011.1187071531702;0.001;
880;0.900355871886121;1011.1187083093077;0.001;
881;0.900355871886121;1011.1187095132545;0.001;
882;0.900355871886121;1011.1187107649932;0.001;
883;0.900355871886121;1011.1187120645033;0.001;
884;0.900355871886121;1011.1187134117698;0.001;
885;0.900355871886121;1011.1187148067838;0.001;
886;0.900355871886121;1011.1187162495188;0.001;
887;0.900355871886121;1011.1187177399679;0.001;
888;0.900355871886121;1011.118719278104;0.001;
889;0.900355871886121;1011.1187208639205;0.001;
890;0.900355871886121;1011.1187224973999;0.001;
891;0.900355871886121;1011.1187241785233;0.001;
892;0.900355871886121;1011.1187259072844;0.001;
893;0.900355871886121;1011.1187276836632;0.001;
894;0.900355871886121;1011.1187295076444;0.001;
895;0.900355871886121;1011.1187313792153;0.001;
896;0.900355871886121;1011.1187332983652;0.001;
897;0.900355871886121;1011.1187352650722;0.001;
898;0.900355871886121;1011.1187372793322;0.001;
899;0.900355871886121;1011.1187393411282;0.001;
900;0.900355871886121;1011.1187414504427;0.001;
901;0.900355871886121;1011.1187436072687;0.001;
902;0.900355871886121;1011.1187458115918;0.001;
903;0.900355871886121;1011.1187480633998;0.001;
904;0.900355871886121;1011.1187503626751;0.001;
905;0.900355871886121;1011.118752709412;0.001;
906;0.900355871886121;1011.1187551036004;0.001;
907;0.900355871886121;1011.1187575452246;0.001;
908;0.900355871886121;1011.1187600342724;0.001;
909;0.900355871886121;1011.1187625707364;0.001;
910;0.900355871886121;1011.1187651545997;0.001;
911;0.900355871886121;1011.1187677858572;0.001;
912;0.900355871886121;1011.1187704644935;0.001;
913;0.900355871886121;1011.1187731905044;0.001;
914;0.900355871886121;1011.1187759638768;0.001;
915;0.900355871886121;1011.1187787845994;0.001;
916;0.900355871886121;1011.1187816526609;0.001;
917;0.900355871886121;1011.1187845680572;0.001;
918;0.900355871886121;1011.1187875307783;0.001;
919;0.900355871886121;1011.1187905408087;0.001;
920;0.900355871886121;1011.1187935981461;0.001;
921;0.900355871886121;1011.1187967027813;0.001;
922;0.900355871886121;1011.1187998547007;0.001;
923;0.900355871886121;1011.1188030539033;0.001;
924;0.900355871886121;1011.1188063003785;0.001;
925;0.900355871886121;1011.1188095941142;0.001;
926;0.900355871886121;1011.118812935108;0.001;
927;0.900355871886121;1011.1188163233511;0.001;
928;0.900355871886121;1011.1188197588339;0.001;
929;0.900355871886121;1011.1188232415545;0.001;
930;0.900355871886121;1011.1188267715004;0.001;
931;0.900355871886121;1011.1188303486712;0.001;
932;0.900355871886121;1011.1188339730553;0.001;
933;0.900355871886121;1011.1188376446486;0.001;
934;0.900355871886121;1011.118841363445;0.001;
935;0.900355871886121;1011.1188451294393;0.001;
936;0.900355871886121;1011.1188489426276;0.001;
937;0.900355871886121;1011.1188528029978;0.001;
938;0.900355871886121;1011.1188567105535;0.001;
939;0.900355871886121;1011.1188606652845;0.001;
940;0.900355871886121;1011.1188646671876;0.001;
941;0.900355871886121;1011.1188687162602;0.001;
942;0.900355871886121;1011.1188728124922;0.001;
943;0.900355871886121;1011.1188769558904;0.001;
944;0.900355871886121;1011.1188811464394;0.001;
945;0.900355871886121;1011.1188853841451;0.001;
946;0.900355871886121;1011.1188896689938;0.001;
947;0.900355871886121;1011.1188940009912;0.001;
948;0.900355871886121;1011.1188983801281;0.001;
949;0.900355871886121;1011.1189028064085;0.001;
950;0.900355871886121;1011.1189072798238;0.001;
951;0.900355871886121;1011.1189118003739;0.001;
952;0.900355871886121;1011.1189163680597;0.001;
953;0.900355871886121;1011.1189209828758;0.001;
954;0.900355871886121;1011.1189256448215;0.001;
955;0.900355871886121;1011.1189303538918;0.001;
956;0.900355871886121;1011.1189351100901;0.001;
957;0.900355871886121;1011.1189399134103;0.001;
958;0.900355871886121;1011.1189447638574;0.001;
959;0.900355871886121;1011.118949661427;0.001;
960;0.900355871886121;1011.118954606119;0.001;
961;0.900355871886121;1011.1189595979374;0.001;
962;0.900355871886121;1011.1189646368767;0.001;
963;0.900355871886121;1011.1189697229395;0.001;
964;0.900355871886121;1011.1189748561258;0.001;
965;0.900355871886121;1011.1189800364319;0.001;
966;0.900355871886121;1011.1189852638645;0.001;
967;0.900355871886121;1011.1189905384254;0.001;
968;0.900355871886121;1011.1189958601113;0.001;
969;0.900355871886121;1011.1190012289247;0.001;
970;0.900355871886121;1011.1190066448669;0.001;
971;0.900355871886121;1011.1190121079408;0.001;
972;0.900355871886121;1011.1190176181515;0.001;
973;0.900355871886121;1011.1190231754932;0.001;
974;0.900355871886121;1011.1190287799728;0.001;
975;0.900355871886121;1011.1190344315938;0.001;
976;0.900355871886121;1011.1190401303596;0.001;
977;0.900355871886121;1011.1190458762734;0.001;
978;0.900355871886121;1011.1190516693302;0.001;
979;0.900355871886121;1011.1190575095474;0.001;
980;0.900355871886121;1011.1190633969228;0.001;
981;0.900355871886121;1011.1190693314536;0.001;
982;0.900355871886121;1011.1190753131522;0.001;
983;0.900355871886121;1011.1190813420212;0.001;
984;0.900355871886121;1011.1190874180617;0.001;
985;0.900355871886121;1011.1190935412812;0.001;
986;0.900355871886121;1011.1190997116865;0.001;
987;0.900355871886121;1011.1191059292777;0.001;
988;0.900355871886121;1011.1191121940577;0.001;
989;0.900355871886121;1011.1191185060427;0.001;
990;0.900355871886121;1011.1191248652316;0.001;
991;0.900355871886121;1011.1191312716278;0.001;
992;0.900355871886121;1011.1191377252451;0.001;
993;0.900355871886121;1011.1191442260833;0.001;
994;0.900355871886121;1011.1191507741548;0.001;
995;0.900355871886121;1011.1191573694614;0.001;
996;0.900355871886121;1011.1191640120131;0.001;
997;0.900355871886121;1011.1191707018077;0.001;
998;0.900355871886121;1011.1191774388675;0.001;
999;0.900355871886121;1011.119184223192;0.001;
1000;0.900355871886121;1011.1191910547902;0.001;
1001;0.900355871886121;1011.1191979336709;0.001;
1002;0.900355871886121;1011.1192048598417;0.001;
1003;0.900355871886121;1011.119211833308;0.001;
1004;0.900355871886121;1011.1192188540833;0.001;
1005;0.900355871886121;1011.1192259221755;0.001;
1006;0.900355871886121;1011.119233037591;0.001;
1007;0.900355871886121;1011.1192402003395;0.001;
1008;0.900355871886121;1011.1192474104323;0.001;
1009;0.900355871886121;1011.1192546678789;0.001;
1010;0.900355871886121;1011.1192619726904;0.001;
1011;0.900355871886121;1011.1192693248754;0.001;
1012;0.900355871886121;1011.1192767244407;0.001;
1013;0.900355871886121;1011.1192841714021;0.001;
1014;0.900355871886121;1011.1192916657654;0.001;
1015;0.900355871886121;1011.1192992075505;0.001;
1016;0.900355871886121;1011.1193067967567;0.001;
1017;0.900355871886121;1011.1193144334046;0.001;
1018;0.900355871886121;1011.1193221175002;0.001;
1019;0.900355871886121;1011.1193298490557;0.001;
1020;0.900355871886121;1011.1193376280878;0.001;
1021;0.900355871886121;1011.1193454546028;0.001;
1022;0.900355871886121;1011.1193533286217;0.001;
1023;0.900355871886121;1011.1193612501473;0.001;
1024;0.900355871886121;1011.1193692191948;0.001;
1025;0.900355871886121;1011.119377235782;0.001;
1026;0.900355871886121;1011.1193852999183;0.001;
1027;0.900355871886121;1011.1193934116176;0.001;
1028;0.900355871886121;1011.1194015708942;0.001;
1029;0.900355871886121;1011.1194097777638;0.001;
1030;0.900355871886121;1011.1194180322325;0.001;
1031;0.900355871886121;1011.1194263343241;0.001;
1032;0.900355871886121;1011.1194346840474;0.001;
1033;0.900355871886121;1011.1194430814205;0.001;
1034;0.900355871886121;1011.1194515264585;0.001;
1035;0.900355871886121;1011.1194600191697;0.001;
1036;0.900355871886121;1011.1194685595808;0.001;
1037;0.900355871886121;1011.119477147697;0.001;
1038;0.900355871886121;1011.1194857835395;0.001;
1039;0.900355871886121;1011.1194944671216;0.001;
1040;0.900355871886121;1011.1195031984635;0.001;
1041;0.900355871886121;1011.1195119775786;0.001;
1042;0.900355871886121;1011.119520804483;0.001;
1043;0.900355871886121;1011.1195296791917;0.001;
1044;0.900355871886121;1011.1195386017276;0.001;
1045;0.900355871886121;1011.1195475721047;0.001;
1046;0.900355871886121;1011.119556590341;0.001;
1047;0.900355871886121;1011.1195656564539;0.001;
1048;0.900355871886121;1011.1195747704606;0.001;
1049;0.900355871886121;1011.1195839323784;0.001;
1050;0.900355871886121;1011.1195931422251;0.001;
1051;0.900355871886121;1011.1196024000247;0.001;
1052;0.900355871886121;1011.1196117057933;0.001;
1053;0.900355871886121;1011.1196210595446;0.001;
1054;0.900355871886121;1011.1196304613036;0.001;
1055;0.900355871886121;1011.119639911087;0.001;
1056;0.900355871886121;1011.1196494089162;0.001;
1057;0.900355871886121;1011.1196589548122;0.001;
1058;0.900355871886121;1011.1196685487911;0.001;
1059;0.900355871886121;1011.1196781908786;0.001;
1060;0.900355871886121;1011.1196878810895;0.001;
1061;0.900355871886121;1011.1196976194478;0.001;
1062;0.900355871886121;1011.1197074059721;0.001;
1063;0.900355871886121;1011.1197172406859;0.001;
1064;0.900355871886121;1011.119727123606;0.001;
1065;0.900355871886121;1011.1197370547568;0.001;
1066;0.900355871886121;1011.1197470341627;0.001;
1067;0.900355871886121;1011.1197570618451;0.001;
1068;0.900355871886121;1011.1197671378217;0.001;
1069;0.900355871886121;1011.1197772621213;0.001;
1070;0.900355871886121;1011.1197874347612;0.001;
1071;0.900355871886121;1011.1197976557629;0.001;
1072;0.900355871886121;1011.1198079251553;0.001;
1073;0.900355871886121;1011.1198182429576;0.001;
1074;0.900355871886121;1011.119828609193;0.001;
1075;0.900355871886121;1011.1198390238894;0.001;
1076;0.900355871886121;1011.1198494870671;0.001;
1077;0.900355871886121;1011.1198599987523;0.001;
1078;0.900355871886121;1011.119870558968;0.001;
1079;0.900355871886121;1011.1198811677385;0.001;
1080;0.900355871886121;1011.1198918250898;0.001;
1081;0.900355871886121;1011.119902531045;0.001;
1082;0.900355871886121;1011.1199132856327;0.001;
1083;0.900355871886121;1011.1199240888753;0.001;
1084;0.900355871886121;1011.1199349407992;0.001;
1085;0.900355871886121;1011.119945841431;0.001;
1086;0.900355871886121;1011.1199567907954;0.001;
1087;0.900355871886121;1011.1199677889201;0.001;
1088;0.900355871886121;1011.1199788358331;0.001;
1089;0.900355871886121;1011.1199899315598;0.001;
1090;0.900355871886121;1011.1200010761229;0.001;
1091;0.900355871886121;1011.1200122695569;0.001;
1092;0.900355871886121;1011.1200235118857;0.001;
1093;0.900355871886121;1011.1200348031372;0.001;
1094;0.900355871886121;1011.120046143339;0.001;
1095;0.900355871886121;1011.1200575325166;0.001;
1096;0.900355871886121;1011.1200689707043;0.001;
1097;0.900355871886121;1011.1200804579294;0.001;
1098;0.900355871886121;1011.1200919942149;0.001;
1099;0.900355871886121;1011.1201035795933;0.001;
1100;0.900355871886121;1011.1201152140995;0.001;
1101;0.900355871886121;1011.1201268977579;0.001;
1102;0.900355871886121;1011.1201386305959;0.001;
1103;0.900355871886121;1011.1201504126435;0.001;
1104;0.900355871886121;1011.1201622439359;0.001;
1105;0.900355871886121;1011.1201741245;0.001;
1106;0.900355871886121;1011.1201860543692;0.001;
1107;0.900355871886121;1011.1201980335696;0.001;
1108;0.900355871886121;1011.120210062134;0.001;
1109;0.900355871886121;1011.120222140098;0.001;
1110;0.900355871886121;1011.1202342674896;0.001;
1111;0.900355871886121;1011.1202464443363;0.001;
1112;0.900355871886121;1011.1202586706763;0.001;
1113;0.900355871886121;1011.1202709465406;0.001;
1114;0.900355871886121;1011.120283271958;0.001;
1115;0.900355871886121;1011.1202956469681;0.001;
1116;0.900355871886121;1011.1203080715994;0.001;
1117;0.900355871886121;1011.120320545887;0.001;
1118;0.900355871886121;1011.1203330698601;0.001;
1119;0.900355871886121;1011.1203456435564;0.001;
1120;0.900355871886121;1011.1203582670075;0.001;
1121;0.900355871886121;1011.1203709402495;0.001;
1122;0.900355871886121;1011.1203836633133;0.001;
1123;0.900355871886121;1011.1203964362364;0.001;
1124;0.900355871886121;1011.1204092590517;0.001;
1125;0.900355871886121;1011.120422131795;0.001;
1126;0.900355871886121;1011.1204350545006;0.001;
1127;0.900355871886121;1011.120448027205;0.001;
1128;0.900355871886121;1011.1204610499499;0.001;
1129;0.900355871886121;1011.1204741227607;0.001;
1130;0.900355871886121;1011.1204872456811;0.001;
1131;0.900355871886121;1011.1205004187399;0.001;
1132;0.900355871886121;1011.1205136419806;0.001;
1133;0.900355871886121;1011.1205269154377;0.001;
1134;0.900355871886121;1011.1205402391485;0.001;
1135;0.900355871886121;1011.1205536131494;0.001;
1136;0.900355871886121;1011.1205670374795;0.001;
1137;0.900355871886121;1011.1205805121753;0.001;
1138;0.900355871886121;1011.1205940372769;0.001;
1139;0.900355871886121;1011.1206076128193;0.001;
1140;0.900355871886121;1011.1206212388443;0.001;
1141;0.900355871886121;1011.1206349153871;0.001;
1142;0.900355871886121;1011.120648642492;0.001;
1143;0.900355871886121;1011.120662420192;0.001;
1144;0.900355871886121;1011.1206762485325;0.001;
1145;0.900355871886121;1011.1206901275486;0.001;
1146;0.900355871886121;1011.1207040572839;0.001;
1147;0.900355871886121;1011.1207180377749;0.001;
1148;0.900355871886121;1011.1207320690643;0.001;
1149;0.900355871886121;1011.1207461511975;0.001;
1150;0.900355871886121;1011.1207602842042;0.001;
1151;0.900355871886121;1011.1207744681342;0.001;
1152;0.900355871886121;1011.1207887030262;0.001;
1153;0.900355871886121;1011.120802988925;0.001;
1154;0.900355871886121;1011.1208173258658;0.001;
1155;0.900355871886121;1011.1208317138993;0.001;
1156;0.900355871886121;1011.1208461530601;0.001;
1157;0.900355871886121;1011.1208606433966;0.001;
1158;0.900355871886121;1011.1208751849474;0.001;
1159;0.900355871886121;1011.1208897777592;0.001;
1160;0.900355871886121;1011.120904421875;0.001;
1161;0.900355871886121;1011.1209191173316;0.001;
1162;0.900355871886121;1011.1209338641805;0.001;
1163;0.900355871886121;1011.1209486624681;0.001;
1164;0.900355871886121;1011.1209635122302;0.001;
1165;0.900355871886121;1011.120978413521;0.001;
1166;0.900355871886121;1011.1209933663754;0.001;
1167;0.900355871886121;1011.1210083708476;0.001;
1168;0.900355871886121;1011.1210234269793;0.001;
1169;0.900355871886121;1011.121038534814;0.001;
1170;0.900355871886121;1011.1210536944003;0.001;
1171;0.900355871886121;1011.1210689057825;0.001;
1172;0.900355871886121;1011.1210841690057;0.001;
1173;0.900355871886121;1011.12109948412;0.001;
1174;0.900355871886121;1011.121114851174;0.001;
1175;0.900355871886121;1011.1211302702142;0.001;
1176;0.900355871886121;1011.121145741283;0.001;
1177;0.900355871886121;1011.1211612644313;0.001;
1178;0.900355871886121;1011.1211768397077;0.001;
1179;0.900355871886121;1011.1211924671594;0.001;
1180;0.900355871886121;1011.1212081468351;0.001;
1181;0.900355871886121;1011.1212238787863;0.001;
1182;0.900355871886121;1011.1212396630593;0.001;
1183;0.900355871886121;1011.1212554997011;0.001;
1184;0.900355871886121;1011.1212713887622;0.001;
1185;0.900355871886121;1011.121287330297;0.001;
1186;0.900355871886121;1011.1213033243504;0.001;
1187;0.900355871886121;1011.1213193709775;0.001;
1188;0.900355871886121;1011.1213354702253;0.001;
1189;0.900355871886121;1011.1213516221437;0.001;
1190;0.900355871886121;1011.1213678267862;0.001;
1191;0.900355871886121;1011.121384084205;0.001;
1192;0.900355871886121;1011.1214003944489;0.001;
1193;0.900355871886121;1011.1214167575712;0.001;
1194;0.900355871886121;1011.1214331736231;0.001;
1195;0.900355871886121;1011.1214496426604;0.001;
1196;0.900355871886121;1011.1214661647315;0.001;
1197;0.900355871886121;1011.1214827398936;0.001;
1198;0.900355871886121;1011.1214993681981;0.001;
1199;0.900355871886121;1011.1215160496964;0.001;
1200;0.900355871886121;1011.1215327844465;0.001;
1201;0.900355871886121;1011.1215495724982;0.001;
1202;0.900355871886121;1011.1215664139032;0.001;
1203;0.900355871886121;1011.1215833087232;0.001;
1204;0.900355871886121;1011.1216002570111;0.001;
1205;0.900355871886121;1011.1216172588223;0.001;
1206;0.900355871886121;1011.1216343142123;0.001;
1207;0.900355871886121;1011.1216514232335;0.001;
1208;0.900355871886121;1011.1216685859468;0.001;
1209;0.900355871886121;1011.1216858024002;0.001;
1210;0.900355871886121;1011.1217030726613;0.001;
1211;0.900355871886121;1011.1217203967798;0.001;
1212;0.900355871886121;1011.1217377748142;0.001;
1213;0.900355871886121;1011.1217552068217;0.001;
1214;0.900355871886121;1011.12177269286;0.001;
1215;0.900355871886121;1011.1217902329868;0.001;
1216;0.900355871886121;1011.1218078272617;0.001;
1217;0.900355871886121;1011.1218254757422;0.001;
1218;0.900355871886121;1011.1218431784881;0.001;
1219;0.900355871886121;1011.1218609355578;0.001;
1220;0.900355871886121;1011.121878747009;0.001;
1221;0.900355871886121;1011.1218966129046;0.001;
1222;0.900355871886121;1011.1219145332988;0.001;
1223;0.900355871886121;1011.1219325082552;0.001;
1224;0.900355871886121;1011.1219505378364;0.001;
1225;0.900355871886121;1011.1219686221037;0.001;
1226;0.900355871886121;1011.1219867611178;0.001;
1227;0.900355871886121;1011.1220049549333;0.001;
1228;0.900355871886121;1011.1220232036164;0.001;
1229;0.900355871886121;1011.1220415072298;0.001;
1230;0.900355871886121;1011.1220598658388;0.001;
1231;0.900355871886121;1011.1220782794984;0.001;
1232;0.900355871886121;1011.1220967482758;0.001;
1233;0.900355871886121;1011.1221152722326;0.001;
1234;0.900355871886121;1011.122133851437;0.001;
1235;0.900355871886121;1011.1221524859438;0.001;
1236;0.900355871886121;1011.1221711758253;0.001;
1237;0.900355871886121;1011.1221899211439;0.001;
1238;0.900355871886121;1011.1222087219608;0.001;
1239;0.900355871886121;1011.1222275783415;0.001;
1240;0.900355871886121;1011.1222464903532;0.001;
1241;0.900355871886121;1011.1222654580596;0.001;
1242;0.900355871886121;1011.122284481527;0.001;
1243;0.900355871886121;1011.1223035608258;0.001;
1244;0.900355871886121;1011.122322696015;0.001;
1245;0.900355871886121;1011.1223418871664;0.001;
1246;0.900355871886121;1011.1223611343461;0.001;
1247;0.900355871886121;1011.1223804376176;0.001;
1248;0.900355871886121;1011.122399797055;0.001;
1249;0.900355871886121;1011.1224192127161;0.001;
1250;0.900355871886121;1011.12243868468;0.001;
1251;0.900355871886121;1011.1224582130125;0.001;
1252;0.900355871886121;1011.1224777977759;0.001;
1253;0.900355871886121;1011.1224974390483;0.001;
1254;0.900355871886121;1011.1225171368943;0.001;
1255;0.900355871886121;1011.1225368913832;0.001;
1256;0.900355871886121;1011.1225567025865;0.001;
1257;0.900355871886121;1011.1225765705751;0.001;
1258;0.900355871886121;1011.1225964954152;0.001;
1259;0.900355871886121;1011.1226164771832;0.001;
1260;0.900355871886121;1011.122636515948;0.001;
1261;0.900355871886121;1011.1226566117816;0.001;
1262;0.900355871886121;1011.1226767647573;0.001;
1263;0.900355871886121;1011.1226969749441;0.001;
1264;0.900355871886121;1011.1227172424185;0.001;
1265;0.900355871886121;1011.1227375672513;0.001;
1266;0.900355871886121;1011.122757949515;0.001;
1267;0.900355871886121;1011.1227783892836;0.001;
1268;0.900355871886121;1011.1227988866312;0.001;
1269;0.900355871886121;1011.1228194416324;0.001;
1270;0.900355871886121;1011.1228400543627;0.001;
1271;0.900355871886121;1011.1228607248923;0.001;
1272;0.900355871886121;1011.1228814532997;0.001;
1273;0.900355871886121;1011.122902239662;0.001;
1274;0.900355871886121;1011.1229230840548;0.001;
1275;0.900355871886121;1011.1229439865521;0.001;
1276;0.900355871886121;1011.12296494723;0.001;
1277;0.900355871886121;1011.122985966164;0.001;
1278;0.900355871886121;1011.1230070434366;0.001;
1279;0.900355871886121;1011.1230281791203;0.001;
1280;0.900355871886121;1011.1230493732966;0.001;
1281;0.900355871886121;1011.1230706260433;0.001;
1282;0.900355871886121;1011.1230919374342;0.001;
1283;0.900355871886121;1011.123113307552;0.001;
1284;0.900355871886121;1011.1231347364742;0.001;
1285;0.900355871886121;1011.123156224279;0.001;
1286;0.900355871886121;1011.1231777710486;0.001;
1287;0.900355871886121;1011.1231993768652;0.001;
1288;0.900355871886121;1011.1232210418077;0.001;
1289;0.900355871886121;1011.1232427659539;0.001;
1290;0.900355871886121;1011.1232645493873;0.001;
1291;0.900355871886121;1011.1232863921948;0.001;
1292;0.900355871886121;1011.1233082944445;0.001;
1293;0.900355871886121;1011.1233302562297;0.001;
1294;0.900355871886121;1011.1233522776295;0.001;
1295;0.900355871886121;1011.1233743587317;0.001;
1296;0.900355871886121;1011.1233964996113;0.001;
1297;0.900355871886121;1011.1234187003564;0.001;
1298;0.900355871886121;1011.1234409610529;0.001;
1299;0.900355871886121;1011.1234632817802;0.001;
1300;0.900355871886121;1011.1234856626237;0.001;
1301;0.900355871886121;1011.1235081036726;0.001;
1302;0.900355871886121;1011.1235306050086;0.001;
1303;0.900355871886121;1011.1235531667228;0.001;
1304;0.900355871886121;1011.1235757888921;0.001;
1305;0.900355871886121;1011.1235984716112;0.001;
1306;0.900355871886121;1011.1236212149629;0.001;
1307;0.900355871886121;1011.1236440190336;0.001;
1308;0.900355871886121;1011.1236668839139;0.001;
1309;0.900355871886121;1011.1236898096893;0.001;
1310;0.900355871886121;1011.123712796449;0.001;
1311;0.900355871886121;1011.1237358442813;0.001;
1312;0.900355871886121;1011.1237589532759;0.001;
1313;0.900355871886121;1011.123782123522;0.001;
1314;0.900355871886121;1011.1238053551091;0.001;
1315;0.900355871886121;1011.1238286481251;0.001;
1316;0.900355871886121;1011.1238520026666;0.001;
1317;0.900355871886121;1011.1238754188201;0.001;
1318;0.900355871886121;1011.1238988966735;0.001;
1319;0.900355871886121;1011.1239224363212;0.001;
1320;0.900355871886121;1011.1239460378589;0.001;
1321;0.900355871886121;1011.1239697013746;0.001;
1322;0.900355871886121;1011.1239934269687;0.001;
1323;0.900355871886121;1011.1240172147246;0.001;
1324;0.900355871886121;1011.1240410647409;0.001;
1325;0.900355871886121;1011.1240649771067;0.001;
1326;0.900355871886121;1011.1240889519175;0.001;
1327;0.900355871886121;1011.1241129892733;0.001;
1328;0.900355871886121;1011.1241370892683;0.001;
1329;0.900355871886121;1011.124161251989;0.001;
1330;0.900355871886121;1011.1241854775444;0.001;
1331;0.900355871886121;1011.1242097660222;0.001;
1332;0.900355871886121;1011.1242341175174;0.001;
1333;0.900355871886121;1011.1242585321322;0.001;
1334;0.900355871886121;1011.1242830099617;0.001;
1335;0.900355871886121;1011.1243075511046;0.001;
1336;0.900355871886121;1011.1243321556587;0.001;
1337;0.900355871886121;1011.1243568237247;0.001;
1338;0.900355871886121;1011.1243815553969;0.001;
1339;0.900355871886121;1011.124406350778;0.001;
1340;0.900355871886121;1011.1244312099674;0.001;
1341;0.900355871886121;1011.1244561330637;0.001;
1342;0.900355871886121;1011.1244811201684;0.001;
1343;0.900355871886121;1011.1245061713805;0.001;
1344;0.900355871886121;1011.1245312868076;0.001;
1345;0.900355871886121;1011.1245564665506;0.001;
1346;0.900355871886121;1011.1245817107017;0.001;
1347;0.900355871886121;1011.1246070193704;0.001;
1348;0.900355871886121;1011.1246323926636;0.001;
1349;0.900355871886121;1011.1246578306782;0.001;
1350;0.900355871886121;1011.1246833335222;0.001;
1351;0.900355871886121;1011.1247089012967;0.001;
1352;0.900355871886121;1011.1247345341095;0.001;
1353;0.900355871886121;1011.1247602320625;0.001;
1354;0.900355871886121;1011.124785995266;0.001;
1355;0.900355871886121;1011.1248118238232;0.001;
1356;0.900355871886121;1011.12483771784;0.001;
1357;0.900355871886121;1011.1248636774243;0.001;
1358;0.900355871886121;1011.1248897026809;0.001;
1359;0.900355871886121;1011.1249157937184;0.001;
1360;0.900355871886121;1011.1249419506464;0.001;
1361;0.900355871886121;1011.1249681735751;0.001;
1362;0.900355871886121;1011.1249944626079;0.001;
1363;0.900355871886121;1011.1250208178578;0.001;
1364;0.900355871886121;1011.1250472394366;0.001;
1365;0.900355871886121;1011.125073727453;0.001;
1366;0.900355871886121;1011.1251002820146;0.001;
1367;0.900355871886121;1011.1251269032356;0.001;
1368;0.900355871886121;1011.1251535912312;0.001;
1369;0.900355871886121;1011.1251803461047;0.001;
1370;0.900355871886121;1011.1252071679753;0.001;
1371;0.900355871886121;1011.1252340569538;0.001;
1372;0.900355871886121;1011.1252610131523;0.001;
1373;0.900355871886121;1011.1252880366857;0.001;
1374;0.900355871886121;1011.1253151276703;0.001;
1375;0.900355871886121;1011.1253422862176;0.001;
1376;0.900355871886121;1011.125369512443;0.001;
1377;0.900355871886121;1011.1253968064647;0.001;
1378;0.900355871886121;1011.1254241683957;0.001;
1379;0.900355871886121;1011.1254515983557;0.001;
1380;0.900355871886121;1011.1254790964616;0.001;
1381;0.900355871886121;1011.1255066628327;0.001;
1382;0.900355871886121;1011.1255342975803;0.001;
1383;0.900355871886121;1011.1255620008277;0.001;
1384;0.900355871886121;1011.1255897726945;0.001;
1385;0.900355871886121;1011.1256176132947;0.001;
1386;0.900355871886121;1011.125645522752;0.001;
1387;0.900355871886121;1011.1256735011907;0.001;
1388;0.900355871886121;1011.1257015487245;0.001;
1389;0.900355871886121;1011.1257296654771;0.001;
1390;0.900355871886121;1011.1257578515714;0.001;
1391;0.900355871886121;1011.1257861071294;0.001;
1392;0.900355871886121;1011.1258144322704;0.001;
1393;0.900355871886121;1011.1258428271213;0.001;
1394;0.900355871886121;1011.1258712918104;0.001;
1395;0.900355871886121;1011.1258998264515;0.001;
1396;0.900355871886121;1011.125928431176;0.001;
1397;0.900355871886121;1011.1259571061054;0.001;
1398;0.900355871886121;1011.1259858513681;0.001;
1399;0.900355871886121;1011.1260146670884;0.001;
1400;0.900355871886121;1011.126043553398;0.001;
1401;0.900355871886121;1011.1260725104177;0.001;
1402;0.900355871886121;1011.126101538278;0.001;
1403;0.900355871886121;1011.1261306371043;0.001;
1404;0.900355871886121;1011.1261598070296;0.001;
1405;0.900355871886121;1011.1261890481803;0.001;
1406;0.900355871886121;1011.1262183606874;0.001;
1407;0.900355871886121;1011.1262477446805;0.001;
1408;0.900355871886121;1011.1262772002897;0.001;
1409;0.900355871886121;1011.1263067276452;0.001;
1410;0.900355871886121;1011.1263363268813;0.001;
1411;0.900355871886121;1011.1263659981275;0.001;
1412;0.900355871886121;1011.1263957415179;0.001;
1413;0.900355871886121;1011.1264255571876;0.001;
1414;0.900355871886121;1011.1264554452661;0.001;
1415;0.900355871886121;1011.1264854058915;0.001;
1416;0.900355871886121;1011.1265154391976;0.001;
1417;0.900355871886121;1011.1265455453178;0.001;
1418;0.900355871886121;1011.1265757243981;0.001;
1419;0.900355871886121;1011.1266059765612;0.001;
1420;0.900355871886121;1011.1266363019485;0.001;
1421;0.900355871886121;1011.1266667007001;0.001;
1422;0.900355871886121;1011.1266971729527;0.001;
1423;0.900355871886121;1011.1267277188407;0.001;
1424;0.900355871886121;1011.1267583385113;0.001;
1425;0.900355871886121;1011.1267890320972;0.001;
1426;0.900355871886121;1011.126819799744;0.001;
1427;0.900355871886121;1011.1268506415882;0.001;
1428;0.900355871886121;1011.1268815577724;0.001;
1429;0.900355871886121;1011.1269125484421;0.001;
1430;0.900355871886121;1011.1269436137364;0.001;
1431;0.900355871886121;1011.1269747537957;0.001;
1432;0.900355871886121;1011.1270059687665;0.001;
1433;0.900355871886121;1011.1270372587923;0.001;
1434;0.900355871886121;1011.1270686240191;0.001;
1435;0.900355871886121;1011.1271000645893;0.001;
1436;0.900355871886121;1011.1271315806533;0.001;
1437;0.900355871886121;1011.1271631723556;0.001;
1438;0.900355871886121;1011.1271948398413;0.001;
1439;0.900355871886121;1011.1272265832586;0.001;
1440;0.900355871886121;1011.1272584027577;0.001;
1441;0.900355871886121;1011.1272902984872;0.001;
1442;0.900355871886121;1011.1273222705908;0.001;
1443;0.900355871886121;1011.1273543192254;0.001;
1444;0.900355871886121;1011.1273864445394;0.001;
1445;0.900355871886121;1011.127418646681;0.001;
1446;0.900355871886121;1011.1274509258029;0.001;
1447;0.900355871886121;1011.1274832820584;0.001;
1448;0.900355871886121;1011.1275157156018;0.001;
1449;0.900355871886121;1011.1275482265869;0.001;
1450;0.900355871886121;1011.127580815164;0.001;
1451;0.900355871886121;1011.1276134814877;0.001;
1452;0.900355871886121;1011.127646225717;0.001;
1453;0.900355871886121;1011.1276790480048;0.001;
1454;0.900355871886121;1011.1277119485088;0.001;
1455;0.900355871886121;1011.1277449273829;0.001;
1456;0.900355871886121;1011.1277779847921;0.001;
1457;0.900355871886121;1011.1278111208907;0.001;
1458;0.900355871886121;1011.1278443358361;0.001;
1459;0.900355871886121;1011.1278776297856;0.001;
1460;0.900355871886121;1011.1279110029064;0.001;
1461;0.900355871886121;1011.1279444553535;0.001;
1462;0.900355871886121;1011.1279779872933;0.001;
1463;0.900355871886121;1011.1280115988835;0.001;
1464;0.900355871886121;1011.1280452902901;0.001;
1465;0.900355871886121;1011.1280790616739;0.001;
1466;0.900355871886121;1011.1281129132007;0.001;
1467;0.900355871886121;1011.1281468450331;0.001;
1468;0.900355871886121;1011.1281808573362;0.001;
1469;0.900355871886121;1011.1282149502804;0.001;
1470;0.900355871886121;1011.1282491240266;0.001;
1471;0.900355871886121;1011.128283378747;0.001;
1472;0.900355871886121;1011.1283177146055;0.001;
1473;0.900355871886121;1011.1283521317741;0.001;
1474;0.900355871886121;1011.1283866304158;0.001;
1475;0.900355871886121;1011.1284212107092;0.001;
1476;0.900355871886121;1011.1284558728177;0.001;
1477;0.900355871886121;1011.1284906169208;0.001;
1478;0.900355871886121;1011.1285254431808;0.001;
1479;0.900355871886121;1011.1285603517772;0.001;
1480;0.900355871886121;1011.1285953428787;0.001;
1481;0.900355871886121;1011.1286304166589;0.001;
1482;0.900355871886121;1011.1286655732954;0.001;
1483;0.900355871886121;1011.1287008129656;0.001;
1484;0.900355871886121;1011.1287361358399;0.001;
1485;0.900355871886121;1011.128771542099;0.001;
1486;0.900355871886121;1011.1288070319189;0.001;
1487;0.900355871886121;1011.128842605479;0.001;
1488;0.900355871886121;1011.1288782629547;0.001;
1489;0.900355871886121;1011.1289140045321;0.001;
1490;0.900355871886121;1011.1289498303834;0.001;
1491;0.900355871886121;1011.1289857406956;0.001;
1492;0.900355871886121;1011.1290217356467;0.001;
1493;0.900355871886121;1011.1290578154222;0.001;
1494;0.900355871886121;1011.1290939802005;0.001;
1495;0.900355871886121;1011.1291302301714;0.001;
1496;0.900355871886121;1011.1291665655135;0.001;
1497;0.900355871886121;1011.1292029864152;0.001;
1498;0.900355871886121;1011.1292394930637;0.001;
1499;0.900355871886121;1011.1292760856418;0.001;
1500;0.900355871886121;1011.1293127643416;0.001;
1501;0.900355871886121;1011.1293495293489;0.001;
1502;0.900355871886121;1011.1293863808503;0.001;
1503;0.900355871886121;1011.1294233190408;0.001;
1504;0.900355871886121;1011.1294603441078;0.001;
1505;0.900355871886121;1011.1294974562413;0.001;
1506;0.900355871886121;1011.1295346556373;0.001;
1507;0.900355871886121;1011.1295719424818;0.001;
1508;0.900355871886121;1011.1296093169746;0.001;
1509;0.900355871886121;1011.1296467793138;0.001;
1510;0.900355871886121;1011.1296843296852;0.001;
1511;0.900355871886121;1011.129721968284;0.001;
1512;0.900355871886121;1011.1297596953127;0.001;
1513;0.900355871886121;1011.1297975109676;0.001;
1514;0.900355871886121;1011.1298354154468;0.001;
1515;0.900355871886121;1011.1298734089494;0.001;
1516;0.900355871886121;1011.1299114916717;0.001;
1517;0.900355871886121;1011.1299496638158;0.001;
1518;0.900355871886121;1011.1299879255904;0.001;
1519;0.900355871886121;1011.130026277187;0.001;
1520;0.900355871886121;1011.1300647188128;0.001;
1521;0.900355871886121;1011.1301032506705;0.001;
1522;0.900355871886121;1011.1301418729714;0.001;
1523;0.900355871886121;1011.1301805859114;0.001;
1524;0.900355871886121;1011.1302193897019;0.001;
1525;0.900355871886121;1011.1302582845454;0.001;
1526;0.900355871886121;1011.1302972706529;0.001;
1527;0.900355871886121;1011.1303363482352;0.001;
1528;0.900355871886121;1011.1303755175007;0.001;
1529;0.900355871886121;1011.1304147786599;0.001;
1530;0.900355871886121;1011.1304541319229;0.001;
1531;0.900355871886121;1011.1304935775;0.001;
1532;0.900355871886121;1011.1305331156084;0.001;
1533;0.900355871886121;1011.1305727464592;0.001;
1534;0.900355871886121;1011.1306124702653;0.001;
1535;0.900355871886121;1011.1306522872428;0.001;
1536;0.900355871886121;1011.1306921976102;0.001;
1537;0.900355871886121;1011.1307322015833;0.001;
1538;0.900355871886121;1011.1307722993829;0.001;
1539;0.900355871886121;1011.1308124912267;0.001;
1540;0.900355871886121;1011.1308527773326;0.001;
1541;0.900355871886121;1011.1308931579237;0.001;
1542;0.900355871886121;1011.130933633222;0.001;
1543;0.900355871886121;1011.1309742034472;0.001;
1544;0.900355871886121;1011.1310148688218;0.001;
1545;0.900355871886121;1011.1310556295726;0.001;
1546;0.900355871886121;1011.1310964859272;0.001;
1547;0.900355871886121;1011.131137438108;0.001;
1548;0.900355871886121;1011.1311784863408;0.001;
1549;0.900355871886121;1011.1312196308571;0.001;
1550;0.900355871886121;1011.1312608718824;0.001;
1551;0.900355871886121;1011.1313022096538;0.001;
1552;0.900355871886121;1011.1313436443905;0.001;
1553;0.900355871886121;1011.1313851763332;0.001;
1554;0.900355871886121;1011.1314268057123;0.001;
1555;0.900355871886121;1011.1314685327627;0.001;
1556;0.900355871886121;1011.1315103577117;0.001;
1557;0.900355871886121;1011.1315522808034;0.001;
1558;0.900355871886121;1011.1315943022703;0.001;
1559;0.900355871886121;1011.1316364223519;0.001;
1560;0.900355871886121;1011.1316786412806;0.001;
1561;0.900355871886121;1011.1317209593053;0.001;
1562;0.900355871886121;1011.1317633766555;0.001;
1563;0.900355871886121;1011.1318058935829;0.001;
1564;0.900355871886121;1011.1318485103222;0.001;
1565;0.900355871886121;1011.1318912271191;0.001;
1566;0.900355871886121;1011.1319340442171;0.001;
1567;0.900355871886121;1011.1319769618626;0.001;
1568;0.900355871886121;1011.132019980303;0.001;
1569;0.900355871886121;1011.1320630997853;0.001;
1570;0.900355871886121;1011.1321063205522;0.001;
1571;0.900355871886121;1011.1321496428575;0.001;
1572;0.900355871886121;1011.1321930669554;0.001;
1573;0.900355871886121;1011.1322365930864;0.001;
1574;0.900355871886121;1011.1322802215128;0.001;
1575;0.900355871886121;1011.1323239524835;0.001;
1576;0.900355871886121;1011.1323677862528;0.001;
1577;0.900355871886121;1011.1324117230771;0.001;
1578;0.900355871886121;1011.1324557632148;0.001;
1579;0.900355871886121;1011.1324999069208;0.001;
1580;0.900355871886121;1011.1325441544546;0.001;
1581;0.900355871886121;1011.1325885060753;0.001;
1582;0.900355871886121;1011.1326329620406;0.001;
1583;0.900355871886121;1011.1326775226179;0.001;
1584;0.900355871886121;1011.1327221880682;0.001;
1585;0.900355871886121;1011.1327669586551;0.001;
1586;0.900355871886121;1011.1328118346405;0.001;
1587;0.900355871886121;1011.1328568162947;0.001;
1588;0.900355871886121;1011.1329019038835;0.001;
1589;0.900355871886121;1011.1329470976766;0.001;
1590;0.900355871886121;1011.1329923979431;0.001;
1591;0.900355871886121;1011.1330378049491;0.001;
1592;0.900355871886121;1011.1330833189735;0.001;
1593;0.900355871886121;1011.1331289402823;0.001;
1594;0.900355871886121;1011.1331746691519;0.001;
1595;0.900355871886121;1011.133220505856;0.001;
1596;0.900355871886121;1011.1332664506781;0.001;
1597;0.900355871886121;1011.1333125038902;0.001;
1598;0.900355871886121;1011.1333586657704;0.001;
1599;0.900355871886121;1011.133404936597;0.001;
1600;0.900355871886121;1011.1334513166557;0.001;
1601;0.900355871886121;1011.1334978062235;0.001;
1602;0.900355871886121;1011.1335444055868;0.001;
1603;0.900355871886121;1011.1335911150289;0.001;
1604;0.900355871886121;1011.1336379348346;0.001;
1605;0.900355871886121;1011.1336848652895;0.001;
1606;0.900355871886121;1011.1337319066831;0.001;
1607;0.900355871886121;1011.133779059303;0.001;
1608;0.900355871886121;1011.1338263234458;0.001;
1609;0.900355871886121;1011.1338736993993;0.001;
1610;0.900355871886121;1011.1339211874542;0.001;
1611;0.900355871886121;1011.1339687879023;0.001;
1612;0.900355871886121;1011.1340165010442;0.001;
1613;0.900355871886121;1011.1340643271745;0.001;
1614;0.900355871886121;1011.1341122665889;0.001;
1615;0.900355871886121;1011.1341603195958;0.001;
1616;0.900355871886121;1011.1342084864837;0.001;
1617;0.900355871886121;1011.1342567675567;0.001;
1618;0.900355871886121;1011.1343051631188;0.001;
1619;0.900355871886121;1011.1343536734778;0.001;
1620;0.900355871886121;1011.1344022989352;0.001;
1621;0.900355871886121;1011.1344510397984;0.001;
1622;0.900355871886121;1011.1344998963743;0.001;
1623;0.900355871886121;1011.1345488689785;0.001;
1624;0.900355871886121;1011.1345979579057;0.001;
1625;0.900355871886121;1011.1346471634834;0.001;
1626;0.900355871886121;1011.134696486022;0.001;
1627;0.900355871886121;1011.1347459258293;0.001;
1628;0.900355871886121;1011.1347954832253;0.001;
1629;0.900355871886121;1011.1348451585312;0.001;
1630;0.900355871886121;1011.1348949520587;0.001;
1631;0.900355871886121;1011.134944864131;0.001;
1632;0.900355871886121;1011.1349948950697;0.001;
1633;0.900355871886121;1011.1350450451961;0.001;
1634;0.900355871886121;1011.1350953148345;0.001;
1635;0.900355871886121;1011.1351457043065;0.001;
1636;0.900355871886121;1011.13519621395;0.001;
1637;0.900355871886121;1011.135246844079;0.001;
1638;0.900355871886121;1011.1352975950373;0.001;
1639;0.900355871886121;1011.1353484671453;0.001;
1640;0.900355871886121;1011.1353994607371;0.001;
1641;0.900355871886121;1011.1354505761524;0.001;
1642;0.900355871886121;1011.1355018137201;0.001;
1643;0.900355871886121;1011.1355531737756;0.001;
1644;0.900355871886121;1011.1356046566614;0.001;
1645;0.900355871886121;1011.1356562627165;0.001;
1646;0.900355871886121;1011.1357079922838;0.001;
1647;0.900355871886121;1011.135759845702;0.001;
1648;0.900355871886121;1011.1358118233139;0.001;
1649;0.900355871886121;1011.1358639254694;0.001;
1650;0.900355871886121;1011.1359161525123;0.001;
1651;0.900355871886121;1011.1359685047951;0.001;
1652;0.900355871886121;1011.1360209826613;0.001;
1653;0.900355871886121;1011.1360735864694;0.001;
1654;0.900355871886121;1011.1361263165717;0.001;
1655;0.900355871886121;1011.1361791733153;0.001;
1656;0.900355871886121;1011.1362321570622;0.001;
1657;0.900355871886121;1011.1362852681683;0.001;
1658;0.900355871886121;1011.136338506995;0.001;
1659;0.900355871886121;1011.1363918739033;0.001;
1660;0.900355871886121;1011.1364453692528;0.001;
1661;0.900355871886121;1011.1364989934057;0.001;
1662;0.900355871886121;1011.1365527467319;0.001;
1663;0.900355871886121;1011.1366066295949;0.001;
1664;0.900355871886121;1011.1366606423675;0.001;
1665;0.900355871886121;1011.1367147854157;0.001;
1666;0.900355871886121;1011.1367690591153;0.001;
1667;0.900355871886121;1011.1368234638379;0.001;
1668;0.900355871886121;1011.1368779999547;0.001;
1669;0.900355871886121;1011.1369326678532;0.001;
1670;0.900355871886121;1011.1369874678991;0.001;
1671;0.900355871886121;1011.1370424004824;0.001;
1672;0.900355871886121;1011.1370974659794;0.001;
1673;0.900355871886121;1011.1371526647741;0.001;
1674;0.900355871886121;1011.1372079972533;0.001;
1675;0.900355871886121;1011.1372634638052;0.001;
1676;0.900355871886121;1011.1373190648137;0.001;
1677;0.900355871886121;1011.1373748006739;0.001;
1678;0.900355871886121;1011.1374306717747;0.001;
1679;0.900355871886121;1011.1374866785102;0.001;
1680;0.900355871886121;1011.1375428212759;0.001;
1681;0.900355871886121;1011.1375991004716;0.001;
1682;0.900355871886121;1011.1376555164965;0.001;
1683;0.900355871886121;1011.1377120697437;0.001;
1684;0.900355871886121;1011.1377687606235;0.001;
1685;0.900355871886121;1011.137825589543;0.001;
1686;0.900355871886121;1011.1378825568978;0.001;
1687;0.900355871886121;1011.1379396631064;0.001;
1688;0.900355871886121;1011.1379969085701;0.001;
1689;0.900355871886121;1011.1380542937031;0.001;
1690;0.900355871886121;1011.1381118189215;0.001;
1691;0.900355871886121;1011.1381694846415;0.001;
1692;0.900355871886121;1011.1382272912717;0.001;
1693;0.900355871886121;1011.1382852392424;0.001;
1694;0.900355871886121;1011.138343328968;0.001;
1695;0.900355871886121;1011.1384015608705;0.001;
1696;0.900355871886121;1011.1384599353748;0.001;
1697;0.900355871886121;1011.1385184529132;0.001;
1698;0.900355871886121;1011.1385771139095;0.001;
1699;0.900355871886121;1011.1386359187914;0.001;
1700;0.900355871886121;1011.1386948679988;0.001;
1701;0.900355871886121;1011.1387539619604;0.001;
1702;0.900355871886121;1011.1388132011142;0.001;
1703;0.900355871886121;1011.1388725859002;0.001;
1704;0.900355871886121;1011.1389321167566;0.001;
1705;0.900355871886121;1011.1389917941275;0.001;
1706;0.900355871886121;1011.139051618452;0.001;
1707;0.900355871886121;1011.1391115901787;0.001;
1708;0.900355871886121;1011.1391717097573;0.001;
1709;0.900355871886121;1011.139231977641;0.001;
1710;0.900355871886121;1011.1392923942766;0.001;
1711;0.900355871886121;1011.1393529601231;0.001;
1712;0.900355871886121;1011.1394136756314;0.001;
1713;0.900355871886121;1011.1394745412645;0.001;
1714;0.900355871886121;1011.1395355574847;0.001;
1715;0.900355871886121;1011.1395967247499;0.001;
1716;0.900355871886121;1011.1396580435287;0.001;
1717;0.900355871886121;1011.1397195142858;0.001;
1718;0.900355871886121;1011.1397811374883;0.001;
1719;0.900355871886121;1011.1398429136161;0.001;
1720;0.900355871886121;1011.139904843132;0.001;
1721;0.900355871886121;1011.1399669265198;0.001;
1722;0.900355871886121;1011.140029164255;0.001;
1723;0.900355871886121;1011.1400915568133;0.001;
1724;0.900355871886121;1011.140154104685;0.001;
1725;0.900355871886121;1011.1402168083496;0.001;
1726;0.900355871886121;1011.1402796682902;0.001;
1727;0.900355871886121;1011.1403426850031;0.001;
1728;0.900355871886121;1011.140405858975;0.001;
1729;0.900355871886121;1011.1404691907022;0.001;
1730;0.900355871886121;1011.1405326806786;0.001;
1731;0.900355871886121;1011.1405963294065;0.001;
1732;0.900355871886121;1011.1406601373778;0.001;
1733;0.900355871886121;1011.140724105102;0.001;
1734;0.900355871886121;1011.140788233083;0.001;
1735;0.900355871886121;1011.1408525218287;0.001;
1736;0.900355871886121;1011.1409169718478;0.001;
1737;0.900355871886121;1011.140981583653;0.001;
1738;0.900355871886121;1011.1410463577564;0.001;
1739;0.900355871886121;1011.1411112946756;0.001;
1740;0.900355871886121;1011.1411763949358;0.001;
1741;0.900355871886121;1011.1412416590493;0.001;
1742;0.900355871886121;1011.1413070875524;0.001;
1743;0.900355871886121;1011.1413726809595;0.001;
1744;0.900355871886121;1011.14143843981;0.001;
1745;0.900355871886121;1011.1415043646248;0.001;
1746;0.900355871886121;1011.1415704559527;0.001;
1747;0.900355871886121;1011.1416367143163;0.001;
1748;0.900355871886121;1011.1417031402626;0.001;
1749;0.900355871886121;1011.1417697343355;0.001;
1750;0.900355871886121;1011.1418364970745;0.001;
1751;0.900355871886121;1011.1419034290259;0.001;
1752;0.900355871886121;1011.1419705307388;0.001;
1753;0.900355871886121;1011.1420378027726;0.001;
1754;0.900355871886121;1011.1421052456769;0.001;
1755;0.900355871886121;1011.1421728600105;0.001;
1756;0.900355871886121;1011.1422406463307;0.001;
1757;0.900355871886121;1011.1423086052025;0.001;
1758;0.900355871886121;1011.1423767371914;0.001;
1759;0.900355871886121;1011.1424450428635;0.001;
1760;0.900355871886121;1011.1425135227986;0.001;
1761;0.900355871886121;1011.1425821775546;0.001;
1762;0.900355871886121;1011.1426510077191;0.001;
1763;0.900355871886121;1011.1427200138717;0.001;
1764;0.900355871886121;1011.1427891965874;0.001;
1765;0.900355871886121;1011.1428585564587;0.001;
1766;0.900355871886121;1011.1429280940675;0.001;
1767;0.900355871886121;1011.1429978100032;0.001;
1768;0.900355871886121;1011.1430677048669;0.001;
1769;0.900355871886121;1011.1431377792479;0.001;
1770;0.900355871886121;1011.1432080337452;0.001;
1771;0.900355871886121;1011.143278468965;0.001;
1772;0.900355871886121;1011.1433490855076;0.001;
1773;0.900355871886121;1011.1434198839844;0.001;
1774;0.900355871886121;1011.1434908650017;0.001;
1775;0.900355871886121;1011.1435620291792;0.001;
1776;0.900355871886121;1011.1436333771259;0.001;
1777;0.900355871886121;1011.1437049094702;0.001;
1778;0.900355871886121;1011.1437766268274;0.001;
1779;0.900355871886121;1011.1438485298289;0.001;
1780;0.900355871886121;1011.1439206190984;0.001;
1781;0.900355871886121;1011.1439928952692;0.001;
1782;0.900355871886121;1011.1440653589765;0.001;
1783;0.900355871886121;1011.1441380108571;0.001;
1784;0.900355871886121;1011.144210851553;0.001;
1785;0.900355871886121;1011.1442838817131;0.001;
1786;0.900355871886121;1011.1443571019764;0.001;
1787;0.900355871886121;1011.1444305130005;0.001;
1788;0.900355871886121;1011.144504115437;0.001;
1789;0.900355871886121;1011.1445779099399;0.001;
1790;0.900355871886121;1011.1446518971754;0.001;
1791;0.900355871886121;1011.1447260778057;0.001;
1792;0.900355871886121;1011.1448004524924;0.001;
1793;0.900355871886121;1011.1448750219115;0.001;
1794;0.900355871886121;1011.1449497867364;0.001;
1795;0.900355871886121;1011.1450247476407;0.001;
1796;0.900355871886121;1011.1450999053052;0.001;
1797;0.900355871886121;1011.1451752604173;0.001;
1798;0.900355871886121;1011.1452508136545;0.001;
1799;0.900355871886121;1011.1453265657167;0.001;
1800;0.900355871886121;1011.1454025172934;0.001;
1801;0.900355871886121;1011.1454786690862;0.001;
1802;0.900355871886121;1011.1455550217897;0.001;
1803;0.900355871886121;1011.1456315761142;0.001;
1804;0.900355871886121;1011.1457083327664;0.001;
1805;0.900355871886121;1011.1457852924508;0.001;
1806;0.900355871886121;1011.1458624558941;0.001;
1807;0.900355871886121;1011.1459398238079;0.001;
1808;0.900355871886121;1011.1460173969156;0.001;
1809;0.900355871886121;1011.1460951759431;0.001;
1810;0.900355871886121;1011.1461731616209;0.001;
1811;0.900355871886121;1011.1462513546788;0.001;
1812;0.900355871886121;1011.1463297558585;0.001;
1813;0.900355871886121;1011.1464083658998;0.001;
1814;0.900355871886121;1011.1464871855443;0.001;
1815;0.900355871886121;1011.1465662155449;0.001;
1816;0.900355871886121;1011.1466454566468;0.001;
1817;0.900355871886121;1011.1467249096097;0.001;
1818;0.900355871886121;1011.1468045751968;0.001;
1819;0.900355871886121;1011.1468844541683;0.001;
1820;0.900355871886121;1011.1469645472899;0.001;
1821;0.900355871886121;1011.1470448553356;0.001;
1822;0.900355871886121;1011.1471253790809;0.001;
1823;0.900355871886121;1011.1472061193052;0.001;
1824;0.900355871886121;1011.1472870767935;0.001;
1825;0.900355871886121;1011.147368252328;0.001;
1826;0.900355871886121;1011.1474496467065;0.001;
1827;0.900355871886121;1011.1475312607205;0.001;
1828;0.900355871886121;1011.1476130951714;0.001;
1829;0.900355871886121;1011.1476951508605;0.001;
1830;0.900355871886121;1011.1477774286006;0.001;
1831;0.900355871886121;1011.1478599291987;0.001;
1832;0.900355871886121;1011.1479426534759;0.001;
1833;0.900355871886121;1011.1480256022514;0.001;
1834;0.900355871886121;1011.1481087763456;0.001;
1835;0.900355871886121;1011.1481921765916;0.001;
1836;0.900355871886121;1011.1482758038237;0.001;
1837;0.900355871886121;1011.1483596588773;0.001;
1838;0.900355871886121;1011.1484437426005;0.001;
1839;0.900355871886121;1011.1485280558312;0.001;
1840;0.900355871886121;1011.148612599429;0.001;
1841;0.900355871886121;1011.1486973742437;0.001;
1842;0.900355871886121;1011.1487823811364;0.001;
1843;0.900355871886121;1011.1488676209727;0.001;
1844;0.900355871886121;1011.1489530946171;0.001;
1845;0.900355871886121;1011.1490388029479;0.001;
1846;0.900355871886121;1011.1491247468442;0.001;
1847;0.900355871886121;1011.1492109271908;0.001;
1848;0.900355871886121;1011.1492973448662;0.001;
1849;0.900355871886121;1011.1493840007722;0.001;
1850;0.900355871886121;1011.1494708958041;0.001;
1851;0.900355871886121;1011.1495580308552;0.001;
1852;0.900355871886121;1011.1496454068442;0.001;
1853;0.900355871886121;1011.1497330246765;0.001;
1854;0.900355871886121;1011.1498208852669;0.001;
1855;0.900355871886121;1011.1499089895399;0.001;
1856;0.900355871886121;1011.1499973384182;0.001;
1857;0.900355871886121;1011.1500859328394;0.001;
1858;0.900355871886121;1011.1501747737267;0.001;
1859;0.900355871886121;1011.1502638620345;0.001;
1860;0.900355871886121;1011.1503531987033;0.001;
1861;0.900355871886121;1011.1504427846851;0.001;
1862;0.900355871886121;1011.1505326209336;0.001;
1863;0.900355871886121;1011.1506227084142;0.001;
1864;0.900355871886121;1011.1507130480932;0.001;
1865;0.900355871886121;1011.1508036409364;0.001;
1866;0.900355871886121;1011.1508944879297;0.001;
1867;0.900355871886121;1011.1509855900496;0.001;
1868;0.900355871886121;1011.1510769482819;0.001;
1869;0.900355871886121;1011.1511685636278;0.001;
1870;0.900355871886121;1011.1512604370796;0.001;
1871;0.900355871886121;1011.1513525696432;0.001;
1872;0.900355871886121;1011.1514449623306;0.001;
1873;0.900355871886121;1011.1515376161495;0.001;
1874;0.900355871886121;1011.1516305321252;0.001;
1875;0.900355871886121;1011.1517237112816;0.001;
1876;0.900355871886121;1011.1518171546545;0.001;
1877;0.900355871886121;1011.1519108632792;0.001;
1878;0.900355871886121;1011.1520048381983;0.001;
1879;0.900355871886121;1011.1520990804587;0.001;
1880;0.900355871886121;1011.1521935911188;0.001;
1881;0.900355871886121;1011.1522883712317;0.001;
1882;0.900355871886121;1011.1523834218707;0.001;
1883;0.900355871886121;1011.1524787441055;0.001;
1884;0.900355871886121;1011.1525743390163;0.001;
1885;0.900355871886121;1011.1526702076835;0.001;
1886;0.900355871886121;1011.1527663512005;0.001;
1887;0.900355871886121;1011.1528627706615;0.001;
1888;0.900355871886121;1011.1529594671665;0.001;
1889;0.900355871886121;1011.1530564418294;0.001;
1890;0.900355871886121;1011.1531536957586;0.001;
1891;0.900355871886121;1011.1532512300765;0.001;
1892;0.900355871886121;1011.1533490459121;0.001;
1893;0.900355871886121;1011.1534471443965;0.001;
1894;0.900355871886121;1011.153545526675;0.001;
1895;0.900355871886121;1011.1536441938888;0.001;
1896;0.900355871886121;1011.1537431471857;0.001;
1897;0.900355871886121;1011.1538423877355;0.001;
1898;0.900355871886121;1011.1539419166952;0.001;
1899;0.900355871886121;1011.1540417352434;0.001;
1900;0.900355871886121;1011.1541418445518;0.001;
1901;0.900355871886121;1011.1542422458066;0.001;
1902;0.900355871886121;1011.1543429402062;0.001;
1903;0.900355871886121;1011.154443928947;0.001;
1904;0.900355871886121;1011.1545452132334;0.001;
1905;0.900355871886121;1011.1546467942786;0.001;
1906;0.900355871886121;1011.1547486733016;0.001;
1907;0.900355871886121;1011.1548508515264;0.001;
1908;0.900355871886121;1011.1549533301894;0.001;
1909;0.900355871886121;1011.1550561105307;0.001;
1910;0.900355871886121;1011.1551591938036;0.001;
1911;0.900355871886121;1011.1552625812516;0.001;
1912;0.900355871886121;1011.1553662741464;0.001;
1913;0.900355871886121;1011.1554702737509;0.001;
1914;0.900355871886121;1011.155574581346;0.001;
1915;0.900355871886121;1011.1556791982115;0.001;
1916;0.900355871886121;1011.1557841256425;0.001;
1917;0.900355871886121;1011.1558893649375;0.001;
1918;0.900355871886121;1011.1559949173999;0.001;
1919;0.900355871886121;1011.1561007843453;0.001;
1920;0.900355871886121;1011.1562069670942;0.001;
1921;0.900355871886121;1011.156313466978;0.001;
1922;0.900355871886121;1011.1564202853366;0.001;
1923;0.900355871886121;1011.1565274235076;0.001;
1924;0.900355871886121;1011.1566348828488;0.001;
1925;0.900355871886121;1011.1567426647167;0.001;
1926;0.900355871886121;1011.1568507704832;0.001;
1927;0.900355871886121;1011.1569592015277;0.001;
1928;0.900355871886121;1011.1570679592246;0.001;
1929;0.900355871886121;1011.1571770449792;0.001;
1930;0.900355871886121;1011.1572864601833;0.001;
1931;0.900355871886121;1011.1573962062538;0.001;
1932;0.900355871886121;1011.1575062846014;0.001;
1933;0.900355871886121;1011.1576166966538;0.001;
1934;0.900355871886121;1011.1577274438483;0.001;
1935;0.900355871886121;1011.1578385276259;0.001;
1936;0.900355871886121;1011.1579499494368;0.001;
1937;0.900355871886121;1011.1580617107451;0.001;
1938;0.900355871886121;1011.1581738130152;0.001;
1939;0.900355871886121;1011.1582862577285;0.001;
1940;0.900355871886121;1011.1583990463683;0.001;
1941;0.900355871886121;1011.158512180433;0.001;
1942;0.900355871886121;1011.1586256614221;0.001;
1943;0.900355871886121;1011.1587394908564;0.001;
1944;0.900355871886121;1011.158853670255;0.001;
1945;0.900355871886121;1011.1589682011473;0.001;
1946;0.900355871886121;1011.1590830850772;0.001;
1947;0.900355871886121;1011.159198323593;0.001;
1948;0.900355871886121;1011.1593139182537;0.001;
1949;0.900355871886121;1011.1594298706286;0.001;
1950;0.900355871886121;1011.1595461822955;0.001;
1951;0.900355871886121;1011.1596628548424;0.001;
1952;0.900355871886121;1011.1597798898764;0.001;
1953;0.900355871886121;1011.1598972889896;0.001;
1954;0.900355871886121;1011.1600150538105;0.001;
1955;0.900355871886121;1011.1601331859628;0.001;
1956;0.900355871886121;1011.1602516870796;0.001;
1957;0.900355871886121;1011.160370558815;0.001;
1958;0.900355871886121;1011.1604898028198;0.001;
1959;0.900355871886121;1011.1606094207689;0.001;
1960;0.900355871886121;1011.1607294143321;0.001;
1961;0.900355871886121;1011.1608497852027;0.001;
1962;0.900355871886121;1011.160970535074;0.001;
1963;0.900355871886121;1011.1610916656609;0.001;
1964;0.900355871886121;1011.1612131786798;0.001;
1965;0.900355871886121;1011.1613350758612;0.001;
1966;0.900355871886121;1011.1614573589446;0.001;
1967;0.900355871886121;1011.1615800296836;0.001;
1968;0.900355871886121;1011.1617030898411;0.001;
1969;0.900355871886121;1011.1618265411895;0.001;
1970;0.900355871886121;1011.1619503855142;0.001;
1971;0.900355871886121;1011.162074624612;0.001;
1972;0.900355871886121;1011.1621992602846;0.001;
1973;0.900355871886121;1011.1623242943538;0.001;
1974;0.900355871886121;1011.1624497286548;0.001;
1975;0.900355871886121;1011.1625755650217;0.001;
1976;0.900355871886121;1011.1627018053142;0.001;
1977;0.900355871886121;1011.1628284513873;0.001;
1978;0.900355871886121;1011.1629555051228;0.001;
1979;0.900355871886121;1011.1630829684095;0.001;
1980;0.900355871886121;1011.1632108431477;0.001;
1981;0.900355871886121;1011.1633391312484;0.001;
1982;0.900355871886121;1011.1634678346371;0.001;
1983;0.900355871886121;1011.1635969552459;0.001;
1984;0.900355871886121;1011.1637264950346;0.001;
1985;0.900355871886121;1011.1638564559557;0.001;
1986;0.900355871886121;1011.163986839985;0.001;
1987;0.900355871886121;1011.1641176491128;0.001;
1988;0.900355871886121;1011.1642488853314;0.001;
1989;0.900355871886121;1011.1643805506579;0.001;
1990;0.900355871886121;1011.1645126471152;0.001;
1991;0.900355871886121;1011.1646451767489;0.001;
1992;0.900355871886121;1011.1647781416023;0.001;
1993;0.900355871886121;1011.164911543745;0.001;
1994;0.900355871886121;1011.1650453852507;0.001;
1995;0.900355871886121;1011.1651796682156;0.001;
1996;0.900355871886121;1011.1653143947415;0.001;
1997;0.900355871886121;1011.1654495669483;0.001;
1998;0.900355871886121;1011.1655851869695;0.001;
1999;0.900355871886121;1011.1657212569479;0.001;
2000;0.900355871886121;1011.1658577790487;0.001;
2001;0.900355871886121;1011.1659947554482;0.001;
